X;Z;EXM;EZM;;;X;Z;EXM;EZM
-5;-5;0.0601275;0.0200454;;;-5;-5;4.10E-02;4.09E-02
-4.75;-5;0.0631277;0.0206643;;;-4.75;-5;4.45E-02;4.22E-02
-4.5;-5;0.0663272;0.0212453;;;-4.5;-5;4.83E-02;4.34E-02
-4.25;-5;0.0697311;0.021772;;;-4.25;-5;5.24E-02;4.45E-02
-4;-5;0.0733412;0.0222247;;;-4;-5;5.68E-02;4.54E-02
-3.75;-5;0.0771542;0.022581;;;-3.75;-5;6.15E-02;4.61E-02
-3.5;-5;0.0811614;0.0228147;;;-3.5;-5;6.66E-02;4.66E-02
-3.25;-5;0.0853459;0.0228971;;;-3.25;-5;7.20E-02;4.67E-02
-3;-5;0.089682;0.0227967;;;-3;-5;7.76E-02;4.65E-02
-2.75;-5;0.0941328;0.0224808;;;-2.75;-5;8.35E-02;4.59E-02
-2.5;-5;0.0986489;0.0219163;;;-2.5;-5;8.95E-02;4.47E-02
-2.25;-5;0.103168;0.0210721;;;-2.25;-5;9.56E-02;4.30E-02
-2;-5;0.107613;0.0199213;;;-2;-5;1.02E-01;4.07E-02
-1.75;-5;0.111895;0.0184442;;;-1.75;-5;1.08E-01;3.76E-02
-1.5;-5;0.115916;0.0166314;;;-1.5;-5;1.13E-01;3.39E-02
-1.25;-5;0.119567;0.0144862;;;-1.25;-5;1.18E-01;2.96E-02
-1;-5;0.122743;0.0120275;;;-1;-5;1.23E-01;2.45E-02
-0.75;-5;0.125338;0.0092909;;;-0.75;-5;1.26E-01;1.90E-02
-0.5;-5;0.127265;0.00632812;;;-0.5;-5;1.29E-01;1.29E-02
-0.25;-5;0.128451;0.00320547;;;-0.25;-5;1.31E-01;6.54E-03
0;-5;0.128851;1.6824E-17;;;0;-5;1.31E-01;1.64E-11
0.25;-5;0.128451;0.00320547;;;0.25;-5;1.31E-01;6.54E-03
0.5;-5;0.127265;0.00632812;;;0.5;-5;1.29E-01;1.29E-02
0.75;-5;0.125338;0.0092909;;;0.75;-5;1.26E-01;1.90E-02
1;-5;0.122743;0.0120275;;;1;-5;1.23E-01;2.45E-02
1.25;-5;0.119567;0.0144862;;;1.25;-5;1.18E-01;2.96E-02
1.5;-5;0.115916;0.0166314;;;1.5;-5;1.13E-01;3.39E-02
1.75;-5;0.111895;0.0184442;;;1.75;-5;1.08E-01;3.76E-02
2;-5;0.107613;0.0199213;;;2;-5;1.02E-01;4.07E-02
2.25;-5;0.103168;0.0210721;;;2.25;-5;9.56E-02;4.30E-02
2.5;-5;0.0986489;0.0219163;;;2.5;-5;8.95E-02;4.47E-02
2.75;-5;0.0941328;0.0224808;;;2.75;-5;8.35E-02;4.59E-02
3;-5;0.089682;0.0227967;;;3;-5;7.76E-02;4.65E-02
3.25;-5;0.0853459;0.0228971;;;3.25;-5;7.20E-02;4.67E-02
3.5;-5;0.0811614;0.0228147;;;3.5;-5;6.66E-02;4.66E-02
3.75;-5;0.0771542;0.022581;;;3.75;-5;6.15E-02;4.61E-02
4;-5;0.0733412;0.0222247;;;4;-5;5.68E-02;4.54E-02
4.25;-5;0.0697311;0.021772;;;4.25;-5;5.24E-02;4.45E-02
4.5;-5;0.0663272;0.0212453;;;4.5;-5;4.83E-02;4.34E-02
4.75;-5;0.0631277;0.0206643;;;4.75;-5;4.45E-02;4.22E-02
5;-5;0.0601275;0.0200454;;;5;-5;4.10E-02;4.09E-02
-5;-4.75;0.0601922;0.02039;;;-5;-4.75;3.96E-02;4.16E-02
-4.75;-4.75;0.0632985;0.021103;;;-4.75;-4.75;4.32E-02;4.31E-02
-4.5;-4.75;0.0666286;0.0217878;;;-4.5;-4.75;4.70E-02;4.45E-02
-4.25;-4.75;0.0701915;0.0224274;;;-4.25;-4.75;5.13E-02;4.58E-02
-4;-4.75;0.0739932;0.0230012;;;-4;-4.75;5.58E-02;4.70E-02
-3.75;-4.75;0.0780348;0.0234849;;;-3.75;-4.75;6.08E-02;4.79E-02
-3.5;-4.75;0.0823115;0.0238499;;;-3.5;-4.75;6.61E-02;4.87E-02
-3.25;-4.75;0.0868101;0.0240633;;;-3.25;-4.75;7.19E-02;4.91E-02
-3;-4.75;0.091507;0.0240888;;;-3;-4.75;7.79E-02;4.92E-02
-2.75;-4.75;0.096366;0.0238871;;;-2.75;-4.75;8.43E-02;4.88E-02
-2.5;-4.75;0.101336;0.0234176;;;-2.5;-4.75;9.09E-02;4.78E-02
-2.25;-4.75;0.106349;0.0226406;;;-2.25;-4.75;9.76E-02;4.62E-02
-2;-4.75;0.11132;0.0215202;;;-2;-4.75;1.04E-01;4.39E-02
-1.75;-4.75;0.116146;0.0200278;;;-1.75;-4.75;1.11E-01;4.09E-02
-1.5;-4.75;0.12071;0.0181464;;;-1.5;-4.75;1.17E-01;3.70E-02
-1.25;-4.75;0.124884;0.0158746;;;-1.25;-4.75;1.23E-01;3.24E-02
-1;-4.75;0.128535;0.0132298;;;-1;-4.75;1.28E-01;2.70E-02
-0.75;-4.75;0.131535;0.0102509;;;-0.75;-4.75;1.33E-01;2.09E-02
-0.5;-4.75;0.133771;0.00699778;;;-0.5;-4.75;1.36E-01;1.43E-02
-0.25;-4.75;0.135151;0.0035496;;;-0.25;-4.75;1.38E-01;7.24E-03
0;-4.75;0.135617;2.53621E-17;;;0;-4.75;1.38E-01;1.82E-11
0.25;-4.75;0.135151;0.0035496;;;0.25;-4.75;1.38E-01;7.24E-03
0.5;-4.75;0.133771;0.00699778;;;0.5;-4.75;1.36E-01;1.43E-02
0.75;-4.75;0.131535;0.0102509;;;0.75;-4.75;1.33E-01;2.09E-02
1;-4.75;0.128535;0.0132298;;;1;-4.75;1.28E-01;2.70E-02
1.25;-4.75;0.124884;0.0158746;;;1.25;-4.75;1.23E-01;3.24E-02
1.5;-4.75;0.12071;0.0181464;;;1.5;-4.75;1.17E-01;3.70E-02
1.75;-4.75;0.116146;0.0200278;;;1.75;-4.75;1.11E-01;4.09E-02
2;-4.75;0.11132;0.0215202;;;2;-4.75;1.04E-01;4.39E-02
2.25;-4.75;0.106349;0.0226406;;;2.25;-4.75;9.76E-02;4.62E-02
2.5;-4.75;0.101336;0.0234176;;;2.5;-4.75;9.09E-02;4.78E-02
2.75;-4.75;0.096366;0.0238871;;;2.75;-4.75;8.43E-02;4.88E-02
3;-4.75;0.091507;0.0240888;;;3;-4.75;7.79E-02;4.92E-02
3.25;-4.75;0.0868101;0.0240633;;;3.25;-4.75;7.19E-02;4.91E-02
3.5;-4.75;0.0823115;0.0238499;;;3.5;-4.75;6.61E-02;4.87E-02
3.75;-4.75;0.0780348;0.0234849;;;3.75;-4.75;6.08E-02;4.79E-02
4;-4.75;0.0739932;0.0230012;;;4;-4.75;5.58E-02;4.70E-02
4.25;-4.75;0.0701915;0.0224274;;;4.25;-4.75;5.13E-02;4.58E-02
4.5;-4.75;0.0666286;0.0217878;;;4.5;-4.75;4.70E-02;4.45E-02
4.75;-4.75;0.0632985;0.021103;;;4.75;-4.75;4.32E-02;4.31E-02
5;-4.75;0.0601922;0.02039;;;5;-4.75;3.96E-02;4.16E-02
-5;-4.5;0.0601632;0.0206721;;;-5;-4.5;3.81E-02;4.22E-02
-4.75;-4.5;0.0633683;0.0214836;;;-4.75;-4.5;4.17E-02;4.39E-02
-4.5;-4.5;0.0668228;0.0222786;;;-4.5;-4.5;4.56E-02;4.55E-02
-4.25;-4.5;0.0705405;0.0230403;;;-4.25;-4.5;4.99E-02;4.70E-02
-4;-4.5;0.0745323;0.0237476;;;-4;-4.5;5.46E-02;4.85E-02
-3.75;-4.5;0.0788052;0.0243745;;;-3.75;-4.5;5.98E-02;4.98E-02
-3.5;-4.5;0.0833597;0.0248899;;;-3.5;-4.5;6.54E-02;5.08E-02
-3.25;-4.5;0.0881877;0.0252574;;;-3.25;-4.5;7.15E-02;5.16E-02
-3;-4.5;0.0932699;0.0254351;;;-3;-4.5;7.80E-02;5.19E-02
-2.75;-4.5;0.0985725;0.0253765;;;-2.75;-4.5;8.48E-02;5.18E-02
-2.5;-4.5;0.104044;0.0250322;;;-2.5;-4.5;9.20E-02;5.11E-02
-2.25;-4.5;0.109612;0.0243519;;;-2.25;-4.5;9.95E-02;4.97E-02
-2;-4.5;0.115183;0.0232879;;;-2;-4.5;1.07E-01;4.75E-02
-1.75;-4.5;0.12064;0.0218003;;;-1.75;-4.5;1.14E-01;4.45E-02
-1.5;-4.5;0.125843;0.0198612;;;-1.5;-4.5;1.22E-01;4.05E-02
-1.25;-4.5;0.130638;0.0174616;;;-1.25;-4.5;1.28E-01;3.56E-02
-1;-4.5;0.134862;0.0146158;;;-1;-4.5;1.34E-01;2.98E-02
-0.75;-4.5;0.138353;0.011365;;;-0.75;-4.5;1.39E-01;2.32E-02
-0.5;-4.5;0.140966;0.00777876;;;-0.5;-4.5;1.43E-01;1.59E-02
-0.25;-4.5;0.142584;0.00395215;;;-0.25;-4.5;1.45E-01;8.06E-03
0;-4.5;0.143132;7.75887E-18;;;0;-4.5;1.46E-01;2.03E-11
0.25;-4.5;0.142584;0.00395215;;;0.25;-4.5;1.45E-01;8.06E-03
0.5;-4.5;0.140966;0.00777876;;;0.5;-4.5;1.43E-01;1.59E-02
0.75;-4.5;0.138353;0.011365;;;0.75;-4.5;1.39E-01;2.32E-02
1;-4.5;0.134862;0.0146158;;;1;-4.5;1.34E-01;2.98E-02
1.25;-4.5;0.130638;0.0174616;;;1.25;-4.5;1.28E-01;3.56E-02
1.5;-4.5;0.125843;0.0198612;;;1.5;-4.5;1.22E-01;4.05E-02
1.75;-4.5;0.12064;0.0218003;;;1.75;-4.5;1.14E-01;4.45E-02
2;-4.5;0.115183;0.0232879;;;2;-4.5;1.07E-01;4.75E-02
2.25;-4.5;0.109612;0.0243519;;;2.25;-4.5;9.95E-02;4.97E-02
2.5;-4.5;0.104044;0.0250322;;;2.5;-4.5;9.20E-02;5.11E-02
2.75;-4.5;0.0985725;0.0253765;;;2.75;-4.5;8.48E-02;5.18E-02
3;-4.5;0.0932699;0.0254351;;;3;-4.5;7.80E-02;5.19E-02
3.25;-4.5;0.0881877;0.0252574;;;3.25;-4.5;7.15E-02;5.16E-02
3.5;-4.5;0.0833597;0.0248899;;;3.5;-4.5;6.54E-02;5.08E-02
3.75;-4.5;0.0788052;0.0243745;;;3.75;-4.5;5.98E-02;4.98E-02
4;-4.5;0.0745323;0.0237476;;;4;-4.5;5.46E-02;4.85E-02
4.25;-4.5;0.0705405;0.0230403;;;4.25;-4.5;4.99E-02;4.70E-02
4.5;-4.5;0.0668228;0.0222786;;;4.5;-4.5;4.56E-02;4.55E-02
4.75;-4.5;0.0633683;0.0214836;;;4.75;-4.5;4.17E-02;4.39E-02
5;-4.5;0.0601632;0.0206721;;;5;-4.5;3.81E-02;4.22E-02
-5;-4.25;0.0600342;0.0208777;;;-5;-4.25;3.64E-02;4.26E-02
-4.75;-4.25;0.0633285;0.0217905;;;-4.75;-4.25;3.99E-02;4.45E-02
-4.5;-4.25;0.0668984;0.0227011;;;-4.5;-4.25;4.39E-02;4.64E-02
-4.25;-4.25;0.0707632;0.0235931;;;-4.25;-4.25;4.83E-02;4.82E-02
-4;-4.25;0.0749402;0.0244455;;;-4;-4.25;5.31E-02;4.99E-02
-3.75;-4.25;0.0794432;0.0252314;;;-3.75;-4.25;5.85E-02;5.15E-02
-3.5;-4.25;0.0842799;0.0259178;;;-3.5;-4.25;6.44E-02;5.29E-02
-3.25;-4.25;0.0894496;0.0264645;;;-3.25;-4.25;7.07E-02;5.40E-02
-3;-4.25;0.0949396;0.0268243;;;-3;-4.25;7.77E-02;5.48E-02
-2.75;-4.25;0.100721;0.0269428;;;-2.75;-4.25;8.51E-02;5.50E-02
-2.5;-4.25;0.106744;0.0267604;;;-2.5;-4.25;9.29E-02;5.46E-02
-2.25;-4.25;0.112934;0.026214;;;-2.25;-4.25;1.01E-01;5.35E-02
-2;-4.25;0.11919;0.0252414;;;-2;-4.25;1.10E-01;5.15E-02
-1.75;-4.25;0.125378;0.023787;;;-1.75;-4.25;1.18E-01;4.85E-02
-1.5;-4.25;0.131334;0.0218084;;;-1.5;-4.25;1.26E-01;4.45E-02
-1.25;-4.25;0.136873;0.0192844;;;-1.25;-4.25;1.34E-01;3.94E-02
-1;-4.25;0.141791;0.0162231;;;-1;-4.25;1.41E-01;3.31E-02
-0.75;-4.25;0.145884;0.0126673;;;-0.75;-4.25;1.46E-01;2.58E-02
-0.5;-4.25;0.148963;0.00869694;;;-0.5;-4.25;1.51E-01;1.77E-02
-0.25;-4.25;0.150878;0.00442709;;;-0.25;-4.25;1.54E-01;9.03E-03
0;-4.25;0.151527;3.07839E-17;;;0;-4.25;1.55E-01;2.28E-11
0.25;-4.25;0.150878;0.00442709;;;0.25;-4.25;1.54E-01;9.03E-03
0.5;-4.25;0.148963;0.00869694;;;0.5;-4.25;1.51E-01;1.77E-02
0.75;-4.25;0.145884;0.0126673;;;0.75;-4.25;1.46E-01;2.58E-02
1;-4.25;0.141791;0.0162231;;;1;-4.25;1.41E-01;3.31E-02
1.25;-4.25;0.136873;0.0192844;;;1.25;-4.25;1.34E-01;3.94E-02
1.5;-4.25;0.131334;0.0218084;;;1.5;-4.25;1.26E-01;4.45E-02
1.75;-4.25;0.125378;0.023787;;;1.75;-4.25;1.18E-01;4.85E-02
2;-4.25;0.11919;0.0252414;;;2;-4.25;1.10E-01;5.15E-02
2.25;-4.25;0.112934;0.026214;;;2.25;-4.25;1.01E-01;5.35E-02
2.5;-4.25;0.106744;0.0267604;;;2.5;-4.25;9.29E-02;5.46E-02
2.75;-4.25;0.100721;0.0269428;;;2.75;-4.25;8.51E-02;5.50E-02
3;-4.25;0.0949396;0.0268243;;;3;-4.25;7.77E-02;5.48E-02
3.25;-4.25;0.0894496;0.0264645;;;3.25;-4.25;7.07E-02;5.40E-02
3.5;-4.25;0.0842799;0.0259178;;;3.5;-4.25;6.44E-02;5.29E-02
3.75;-4.25;0.0794432;0.0252314;;;3.75;-4.25;5.85E-02;5.15E-02
4;-4.25;0.0749402;0.0244455;;;4;-4.25;5.31E-02;4.99E-02
4.25;-4.25;0.0707632;0.0235931;;;4.25;-4.25;4.83E-02;4.82E-02
4.5;-4.25;0.0668984;0.0227011;;;4.5;-4.25;4.39E-02;4.64E-02
4.75;-4.25;0.0633285;0.0217905;;;4.75;-4.25;3.99E-02;4.45E-02
5;-4.25;0.0600342;0.0208777;;;5;-4.25;3.64E-02;4.26E-02
-5;-4;0.0598005;0.0209912;;;-5;-4;3.44E-02;4.29E-02
-4.75;-4;0.0631715;0.0220063;;;-4.75;-4;3.80E-02;4.49E-02
-4.5;-4;0.0668445;0.0230359;;;-4.5;-4;4.20E-02;4.70E-02
-4.25;-4;0.0708451;0.0240648;;;-4.25;-4;4.64E-02;4.91E-02
-4;-4;0.0751979;0.0250728;;;-4;-4;5.13E-02;5.12E-02
-3.75;-4;0.079925;0.0260329;;;-3.75;-4;5.68E-02;5.32E-02
-3.5;-4;0.0850436;0.026911;;;-3.5;-4;6.29E-02;5.49E-02
-3.25;-4;0.0905626;0.0276638;;;-3.25;-4;6.96E-02;5.65E-02
-3;-4;0.0964788;0.0282389;;;-3;-4;7.70E-02;5.76E-02
-2.75;-4;0.102772;0.0285739;;;-2.75;-4;8.49E-02;5.83E-02
-2.5;-4;0.109397;0.0285976;;;-2.5;-4;9.35E-02;5.84E-02
-2.25;-4;0.116282;0.028232;;;-2.25;-4;1.03E-01;5.76E-02
-2;-4;0.123318;0.0273967;;;-2;-4;1.12E-01;5.59E-02
-1.75;-4;0.130354;0.0260155;;;-1.75;-4;1.21E-01;5.31E-02
-1.5;-4;0.137203;0.0240255;;;-1.5;-4;1.31E-01;4.90E-02
-1.25;-4;0.143637;0.0213879;;;-1.25;-4;1.40E-01;4.36E-02
-1;-4;0.149403;0.0180994;;;-1;-4;1.48E-01;3.69E-02
-0.75;-4;0.154239;0.0142016;;;-0.75;-4;1.55E-01;2.90E-02
-0.5;-4;0.157902;0.00978608;;;-0.5;-4;1.60E-01;2.00E-02
-0.25;-4;0.16019;0.00499282;;;-0.25;-4;1.63E-01;1.02E-02
0;-4;0.160967;1.59446E-17;;;0;-4;1.64E-01;2.57E-11
0.25;-4;0.16019;0.00499282;;;0.25;-4;1.63E-01;1.02E-02
0.5;-4;0.157902;0.00978608;;;0.5;-4;1.60E-01;2.00E-02
0.75;-4;0.154239;0.0142016;;;0.75;-4;1.55E-01;2.90E-02
1;-4;0.149403;0.0180994;;;1;-4;1.48E-01;3.69E-02
1.25;-4;0.143637;0.0213879;;;1.25;-4;1.40E-01;4.36E-02
1.5;-4;0.137203;0.0240255;;;1.5;-4;1.31E-01;4.90E-02
1.75;-4;0.130354;0.0260155;;;1.75;-4;1.21E-01;5.31E-02
2;-4;0.123318;0.0273967;;;2;-4;1.12E-01;5.59E-02
2.25;-4;0.116282;0.028232;;;2.25;-4;1.03E-01;5.76E-02
2.5;-4;0.109397;0.0285976;;;2.5;-4;9.35E-02;5.84E-02
2.75;-4;0.102772;0.0285739;;;2.75;-4;8.49E-02;5.83E-02
3;-4;0.0964788;0.0282389;;;3;-4;7.70E-02;5.76E-02
3.25;-4;0.0905626;0.0276638;;;3.25;-4;6.96E-02;5.65E-02
3.5;-4;0.0850436;0.026911;;;3.5;-4;6.29E-02;5.49E-02
3.75;-4;0.079925;0.0260329;;;3.75;-4;5.68E-02;5.32E-02
4;-4;0.0751979;0.0250728;;;4;-4;5.13E-02;5.12E-02
4.25;-4;0.0708451;0.0240648;;;4.25;-4;4.64E-02;4.91E-02
4.5;-4;0.0668445;0.0230359;;;4.5;-4;4.20E-02;4.70E-02
4.75;-4;0.0631715;0.0220063;;;4.75;-4;3.80E-02;4.49E-02
5;-4;0.0598005;0.0209912;;;5;-4;3.44E-02;4.29E-02
-5;-3.75;0.0594589;0.020996;;;-5;-3.75;3.23E-02;4.29E-02
-4.75;-3.75;0.0628917;0.0221118;;;-4.75;-3.75;3.58E-02;4.52E-02
-4.5;-3.75;0.0666522;0.0232612;;;-4.5;-3.75;3.98E-02;4.75E-02
-4.25;-3.75;0.070773;0.024431;;;-4.25;-3.75;4.42E-02;4.99E-02
-4;-3.75;0.0752871;0.0256028;;;-4;-3.75;4.92E-02;5.23E-02
-3.75;-3.75;0.0802265;0.0267508;;;-3.75;-3.75;5.48E-02;5.46E-02
-3.5;-3.75;0.0856199;0.0278405;;;-3.5;-3.75;6.11E-02;5.68E-02
-3.25;-3.75;0.091489;0.0288271;;;-3.25;-3.75;6.81E-02;5.89E-02
-3;-3.75;0.0978439;0.0296536;;;-3;-3.75;7.58E-02;6.05E-02
-2.75;-3.75;0.104677;0.0302498;;;-2.75;-3.75;8.43E-02;6.18E-02
-2.5;-3.75;0.111955;0.0305322;;;-2.5;-3.75;9.36E-02;6.23E-02
-2.25;-3.75;0.119609;0.0304056;;;-2.25;-3.75;1.04E-01;6.21E-02
-2;-3.75;0.12753;0.0297673;;;-2;-3.75;1.14E-01;6.08E-02
-1.75;-3.75;0.135553;0.0285146;;;-1.75;-3.75;1.25E-01;5.82E-02
-1.5;-3.75;0.14346;0.0265562;;;-1.5;-3.75;1.36E-01;5.42E-02
-1.25;-3.75;0.150977;0.023827;;;-1.25;-3.75;1.46E-01;4.86E-02
-1;-3.75;0.157787;0.0203046;;;-1;-3.75;1.55E-01;4.14E-02
-0.75;-3.75;0.163555;0.0160248;;;-0.75;-3.75;1.64E-01;3.27E-02
-0.5;-3.75;0.167955;0.0110909;;;-0.5;-3.75;1.70E-01;2.26E-02
-0.25;-3.75;0.170718;0.00567397;;;-0.25;-3.75;1.74E-01;1.16E-02
0;-3.75;0.17166;1.76E-17;;;0;-3.75;1.75E-01;2.92E-11
0.25;-3.75;0.170718;0.00567397;;;0.25;-3.75;1.74E-01;1.16E-02
0.5;-3.75;0.167955;0.0110909;;;0.5;-3.75;1.70E-01;2.26E-02
0.75;-3.75;0.163555;0.0160248;;;0.75;-3.75;1.64E-01;3.27E-02
1;-3.75;0.157787;0.0203046;;;1;-3.75;1.55E-01;4.14E-02
1.25;-3.75;0.150977;0.023827;;;1.25;-3.75;1.46E-01;4.86E-02
1.5;-3.75;0.14346;0.0265562;;;1.5;-3.75;1.36E-01;5.42E-02
1.75;-3.75;0.135553;0.0285146;;;1.75;-3.75;1.25E-01;5.82E-02
2;-3.75;0.12753;0.0297673;;;2;-3.75;1.14E-01;6.08E-02
2.25;-3.75;0.119609;0.0304056;;;2.25;-3.75;1.04E-01;6.21E-02
2.5;-3.75;0.111955;0.0305322;;;2.5;-3.75;9.36E-02;6.23E-02
2.75;-3.75;0.104677;0.0302498;;;2.75;-3.75;8.43E-02;6.18E-02
3;-3.75;0.0978439;0.0296536;;;3;-3.75;7.58E-02;6.05E-02
3.25;-3.75;0.091489;0.0288271;;;3.25;-3.75;6.81E-02;5.89E-02
3.5;-3.75;0.0856199;0.0278405;;;3.5;-3.75;6.11E-02;5.68E-02
3.75;-3.75;0.0802265;0.0267508;;;3.75;-3.75;5.48E-02;5.46E-02
4;-3.75;0.0752871;0.0256028;;;4;-3.75;4.92E-02;5.23E-02
4.25;-3.75;0.070773;0.024431;;;4.25;-3.75;4.42E-02;4.99E-02
4.5;-3.75;0.0666522;0.0232612;;;4.5;-3.75;3.98E-02;4.75E-02
4.75;-3.75;0.0628917;0.0221118;;;4.75;-3.75;3.58E-02;4.52E-02
5;-3.75;0.0594589;0.020996;;;5;-3.75;3.23E-02;4.29E-02
-5;-3.5;0.0590089;0.0208743;;;-5;-3.5;3.01E-02;4.26E-02
-4.75;-3.5;0.0624858;0.0220862;;;-4.75;-3.5;3.35E-02;4.51E-02
-4.5;-3.5;0.0663147;0.0233528;;;-4.5;-3.5;3.73E-02;4.77E-02
-4.25;-3.5;0.0705355;0.0246641;;;-4.25;-3.5;4.17E-02;5.04E-02
-4;-3.5;0.0751906;0.0260045;;;-4;-3.5;4.67E-02;5.31E-02
-3.75;-3.5;0.0803237;0.0273507;;;-3.75;-3.5;5.23E-02;5.58E-02
-3.5;-3.5;0.0859769;0.02867;;;-3.5;-3.5;5.87E-02;5.85E-02
-3.25;-3.5;0.092188;0.0299173;;;-3.25;-3.5;6.60E-02;6.11E-02
-3;-3.5;0.098985;0.0310328;;;-3;-3.5;7.41E-02;6.34E-02
-2.75;-3.5;0.106379;0.0319396;;;-2.75;-3.5;8.32E-02;6.52E-02
-2.5;-3.5;0.114353;0.0325418;;;-2.5;-3.5;9.32E-02;6.64E-02
-2.25;-3.5;0.122854;0.0327254;;;-2.25;-3.5;1.04E-01;6.68E-02
-2;-3.5;0.131774;0.0323611;;;-2;-3.5;1.16E-01;6.61E-02
-1.75;-3.5;0.140941;0.0313124;;;-1.75;-3.5;1.28E-01;6.39E-02
-1.5;-3.5;0.150105;0.0294493;;;-1.5;-3.5;1.40E-01;6.01E-02
-1.25;-3.5;0.158939;0.0266681;;;-1.25;-3.5;1.52E-01;5.44E-02
-1;-3.5;0.167047;0.0229152;;;-1;-3.5;1.64E-01;4.68E-02
-0.75;-3.5;0.173991;0.0182118;;;-0.75;-3.5;1.73E-01;3.72E-02
-0.5;-3.5;0.179337;0.0126715;;;-0.5;-3.5;1.81E-01;2.59E-02
-0.25;-3.5;0.182715;0.00650411;;;-0.25;-3.5;1.86E-01;1.33E-02
0;-3.5;0.183871;1.3545E-17;;;0;-3.5;1.87E-01;3.35E-11
0.25;-3.5;0.182715;0.00650411;;;0.25;-3.5;1.86E-01;1.33E-02
0.5;-3.5;0.179337;0.0126715;;;0.5;-3.5;1.81E-01;2.59E-02
0.75;-3.5;0.173991;0.0182118;;;0.75;-3.5;1.73E-01;3.72E-02
1;-3.5;0.167047;0.0229152;;;1;-3.5;1.64E-01;4.68E-02
1.25;-3.5;0.158939;0.0266681;;;1.25;-3.5;1.52E-01;5.44E-02
1.5;-3.5;0.150105;0.0294493;;;1.5;-3.5;1.40E-01;6.01E-02
1.75;-3.5;0.140941;0.0313124;;;1.75;-3.5;1.28E-01;6.39E-02
2;-3.5;0.131774;0.0323611;;;2;-3.5;1.16E-01;6.61E-02
2.25;-3.5;0.122854;0.0327254;;;2.25;-3.5;1.04E-01;6.68E-02
2.5;-3.5;0.114353;0.0325418;;;2.5;-3.5;9.32E-02;6.64E-02
2.75;-3.5;0.106379;0.0319396;;;2.75;-3.5;8.32E-02;6.52E-02
3;-3.5;0.098985;0.0310328;;;3;-3.5;7.41E-02;6.34E-02
3.25;-3.5;0.092188;0.0299173;;;3.25;-3.5;6.60E-02;6.11E-02
3.5;-3.5;0.0859769;0.02867;;;3.5;-3.5;5.87E-02;5.85E-02
3.75;-3.5;0.0803237;0.0273507;;;3.75;-3.5;5.23E-02;5.58E-02
4;-3.5;0.0751906;0.0260045;;;4;-3.5;4.67E-02;5.31E-02
4.25;-3.5;0.0705355;0.0246641;;;4.25;-3.5;4.17E-02;5.04E-02
4.5;-3.5;0.0663147;0.0233528;;;4.5;-3.5;3.73E-02;4.77E-02
4.75;-3.5;0.0624858;0.0220862;;;4.75;-3.5;3.35E-02;4.51E-02
5;-3.5;0.0590089;0.0208743;;;5;-3.5;3.01E-02;4.26E-02
-5;-3.25;0.0584527;0.0206078;;;-5;-3.25;2.76E-02;4.21E-02
-4.75;-3.25;0.0619538;0.0219075;;;-4.75;-3.25;3.09E-02;4.47E-02
-4.5;-3.25;0.0658285;0.0232846;;;-4.5;-3.25;3.46E-02;4.76E-02
-4.25;-3.25;0.0701247;0.0247332;;;-4.25;-3.25;3.89E-02;5.05E-02
-4;-3.25;0.0748947;0.0262421;;;-4;-3.25;4.38E-02;5.36E-02
-3.75;-3.25;0.0801947;0.0277923;;;-3.75;-3.25;4.95E-02;5.68E-02
-3.5;-3.25;0.0860831;0.0293547;;;-3.5;-3.25;5.59E-02;5.99E-02
-3.25;-3.25;0.0926168;0.0308867;;;-3.25;-3.25;6.33E-02;6.31E-02
-3;-3.25;0.0998467;0.0323282;;;-3;-3.25;7.17E-02;6.60E-02
-2.75;-3.25;0.107809;0.0335978;;;-2.75;-3.25;8.13E-02;6.86E-02
-2.5;-3.25;0.116514;0.0345889;;;-2.5;-3.25;9.20E-02;7.06E-02
-2.25;-3.25;0.125932;0.035168;;;-2.25;-3.25;1.04E-01;7.18E-02
-2;-3.25;0.135971;0.0351753;;;-2;-3.25;1.17E-01;7.18E-02
-1.75;-3.25;0.146457;0.0344326;;;-1.75;-3.25;1.31E-01;7.03E-02
-1.5;-3.25;0.157116;0.0327578;;;-1.5;-3.25;1.45E-01;6.69E-02
-1.25;-3.25;0.16756;0.0299911;;;-1.25;-3.25;1.59E-01;6.12E-02
-1;-3.25;0.177293;0.0260288;;;-1;-3.25;1.73E-01;5.31E-02
-0.75;-3.25;0.185743;0.0208624;;;-0.75;-3.25;1.84E-01;4.26E-02
-0.5;-3.25;0.192321;0.0146102;;;-0.5;-3.25;1.94E-01;2.98E-02
-0.25;-3.25;0.196509;0.00752986;;;-0.25;-3.25;2.00E-01;1.54E-02
0;-3.25;0.197948;1.38142E-17;;;0;-3.25;2.02E-01;3.89E-11
0.25;-3.25;0.196509;0.00752986;;;0.25;-3.25;2.00E-01;1.54E-02
0.5;-3.25;0.192321;0.0146102;;;0.5;-3.25;1.94E-01;2.98E-02
0.75;-3.25;0.185743;0.0208624;;;0.75;-3.25;1.84E-01;4.26E-02
1;-3.25;0.177293;0.0260288;;;1;-3.25;1.73E-01;5.31E-02
1.25;-3.25;0.16756;0.0299911;;;1.25;-3.25;1.59E-01;6.12E-02
1.5;-3.25;0.157116;0.0327578;;;1.5;-3.25;1.45E-01;6.69E-02
1.75;-3.25;0.146457;0.0344326;;;1.75;-3.25;1.31E-01;7.03E-02
2;-3.25;0.135971;0.0351753;;;2;-3.25;1.17E-01;7.18E-02
2.25;-3.25;0.125932;0.035168;;;2.25;-3.25;1.04E-01;7.18E-02
2.5;-3.25;0.116514;0.0345889;;;2.5;-3.25;9.20E-02;7.06E-02
2.75;-3.25;0.107809;0.0335978;;;2.75;-3.25;8.13E-02;6.86E-02
3;-3.25;0.0998467;0.0323282;;;3;-3.25;7.17E-02;6.60E-02
3.25;-3.25;0.0926168;0.0308867;;;3.25;-3.25;6.33E-02;6.31E-02
3.5;-3.25;0.0860831;0.0293547;;;3.5;-3.25;5.59E-02;5.99E-02
3.75;-3.25;0.0801947;0.0277923;;;3.75;-3.25;4.95E-02;5.68E-02
4;-3.25;0.0748947;0.0262421;;;4;-3.25;4.38E-02;5.36E-02
4.25;-3.25;0.0701247;0.0247332;;;4.25;-3.25;3.89E-02;5.05E-02
4.5;-3.25;0.0658285;0.0232846;;;4.5;-3.25;3.46E-02;4.76E-02
4.75;-3.25;0.0619538;0.0219075;;;4.75;-3.25;3.09E-02;4.47E-02
5;-3.25;0.0584527;0.0206078;;;5;-3.25;2.76E-02;4.21E-02
-5;-3;0.0577965;0.0201785;;;-5;-3;2.51E-02;4.12E-02
-4.75;-3;0.0612999;0.0215532;;;-4.75;-3;2.82E-02;4.40E-02
-4.5;-3;0.0651951;0.023029;;;-4.5;-3;3.17E-02;4.70E-02
-4.25;-3;0.0695375;0.0246051;;;-4.25;-3;3.58E-02;5.03E-02
-4;-3;0.0743899;0.0262758;;;-4;-3;4.06E-02;5.37E-02
-3.75;-3;0.079822;0.0280287;;;-3.75;-3;4.61E-02;5.72E-02
-3.5;-3;0.0859098;0.0298409;;;-3.5;-3;5.26E-02;6.09E-02
-3.25;-3;0.0927331;0.0316754;;;-3.25;-3;6.00E-02;6.47E-02
-3;-3;0.100371;0.0334759;;;-3;-3;6.87E-02;6.84E-02
-2.75;-3;0.108892;0.0351605;;;-2.75;-3;7.86E-02;7.18E-02
-2.5;-3;0.118345;0.0366153;;;-2.5;-3;9.00E-02;7.48E-02
-2.25;-3;0.128738;0.0376889;;;-2.25;-3;1.03E-01;7.69E-02
-2;-3;0.140012;0.0381893;;;-2;-3;1.17E-01;7.80E-02
-1.75;-3;0.152009;0.037888;;;-1.75;-3;1.33E-01;7.73E-02
-1.5;-3;0.164441;0.0365351;;;-1.5;-3;1.49E-01;7.46E-02
-1.25;-3;0.176858;0.0338902;;;-1.25;-3;1.66E-01;6.92E-02
-1;-3;0.188644;0.0297705;;;-1;-3;1.82E-01;6.08E-02
-0.75;-3;0.199046;0.024111;;;-0.75;-3;1.97E-01;4.92E-02
-0.5;-3;0.207254;0.0170217;;;-0.5;-3;2.08E-01;3.47E-02
-0.25;-3;0.212531;0.00881756;;;-0.25;-3;2.16E-01;1.80E-02
0;-3;0.214354;9.04501E-18;;;0;-3;2.18E-01;4.57E-11
0.25;-3;0.212531;0.00881756;;;0.25;-3;2.16E-01;1.80E-02
0.5;-3;0.207254;0.0170217;;;0.5;-3;2.08E-01;3.47E-02
0.75;-3;0.199046;0.024111;;;0.75;-3;1.97E-01;4.92E-02
1;-3;0.188644;0.0297705;;;1;-3;1.82E-01;6.08E-02
1.25;-3;0.176858;0.0338902;;;1.25;-3;1.66E-01;6.92E-02
1.5;-3;0.164441;0.0365351;;;1.5;-3;1.49E-01;7.46E-02
1.75;-3;0.152009;0.037888;;;1.75;-3;1.33E-01;7.73E-02
2;-3;0.140012;0.0381893;;;2;-3;1.17E-01;7.80E-02
2.25;-3;0.128738;0.0376889;;;2.25;-3;1.03E-01;7.69E-02
2.5;-3;0.118345;0.0366153;;;2.5;-3;9.00E-02;7.48E-02
2.75;-3;0.108892;0.0351605;;;2.75;-3;7.86E-02;7.18E-02
3;-3;0.100371;0.0334759;;;3;-3;6.87E-02;6.84E-02
3.25;-3;0.0927331;0.0316754;;;3.25;-3;6.00E-02;6.47E-02
3.5;-3;0.0859098;0.0298409;;;3.5;-3;5.26E-02;6.09E-02
3.75;-3;0.079822;0.0280287;;;3.75;-3;4.61E-02;5.72E-02
4;-3;0.0743899;0.0262758;;;4;-3;4.06E-02;5.37E-02
4.25;-3;0.0695375;0.0246051;;;4.25;-3;3.58E-02;5.03E-02
4.5;-3;0.0651951;0.023029;;;4.5;-3;3.17E-02;4.70E-02
4.75;-3;0.0612999;0.0215532;;;4.75;-3;2.82E-02;4.40E-02
5;-3;0.0577965;0.0201785;;;5;-3;2.51E-02;4.12E-02
-5;-2.75;0.0570504;0.0195691;;;-5;-2.75;2.24E-02;4.00E-02
-4.75;-2.75;0.0605331;0.0210014;;;-4.75;-2.75;2.53E-02;4.29E-02
-4.5;-2.75;0.0644211;0.0225582;;;-4.5;-2.75;2.86E-02;4.61E-02
-4.25;-2.75;0.0687771;0.0242447;;;-4.25;-2.75;3.25E-02;4.95E-02
-4;-2.75;0.0736738;0.0260625;;;-4;-2.75;3.70E-02;5.32E-02
-3.75;-2.75;0.0791948;0.0280075;;;-3.75;-2.75;4.24E-02;5.72E-02
-3.5;-2.75;0.0854348;0.030066;;;-3.5;-2.75;4.87E-02;6.14E-02
-3.25;-2.75;0.0924986;0.0322109;;;-3.25;-2.75;5.61E-02;6.58E-02
-3;-2.75;0.100498;0.0343944;;;-3;-2.75;6.48E-02;7.02E-02
-2.75;-2.75;0.109544;0.0365406;;;-2.75;-2.75;7.50E-02;7.46E-02
-2.5;-2.75;0.119737;0.0385348;;;-2.5;-2.75;8.69E-02;7.87E-02
-2.25;-2.75;0.131139;0.040213;;;-2.25;-2.75;1.01E-01;8.21E-02
-2;-2.75;0.14375;0.0413527;;;-2;-2.75;1.16E-01;8.44E-02
-1.75;-2.75;0.157456;0.0416691;;;-1.75;-2.75;1.34E-01;8.51E-02
-1.5;-2.75;0.171978;0.0408268;;;-1.5;-2.75;1.53E-01;8.33E-02
-1.25;-2.75;0.186816;0.0384725;;;-1.25;-2.75;1.73E-01;7.85E-02
-1;-2.75;0.201214;0.0342998;;;-1;-2.75;1.93E-01;7.00E-02
-0.75;-2.75;0.214181;0.0281413;;;-0.75;-2.75;2.11E-01;5.74E-02
-0.5;-2.75;0.224588;0.0200695;;;-0.5;-2.75;2.25E-01;4.10E-02
-0.25;-2.75;0.231361;0.0104641;;;-0.25;-2.75;2.35E-01;2.14E-02
0;-2.75;0.233715;1.88137E-17;;;0;-2.75;2.38E-01;5.43E-11
0.25;-2.75;0.231361;0.0104641;;;0.25;-2.75;2.35E-01;2.14E-02
0.5;-2.75;0.224588;0.0200695;;;0.5;-2.75;2.25E-01;4.10E-02
0.75;-2.75;0.214181;0.0281413;;;0.75;-2.75;2.11E-01;5.74E-02
1;-2.75;0.201214;0.0342998;;;1;-2.75;1.93E-01;7.00E-02
1.25;-2.75;0.186816;0.0384725;;;1.25;-2.75;1.73E-01;7.85E-02
1.5;-2.75;0.171978;0.0408268;;;1.5;-2.75;1.53E-01;8.33E-02
1.75;-2.75;0.157456;0.0416691;;;1.75;-2.75;1.34E-01;8.51E-02
2;-2.75;0.14375;0.0413527;;;2;-2.75;1.16E-01;8.44E-02
2.25;-2.75;0.131139;0.040213;;;2.25;-2.75;1.01E-01;8.21E-02
2.5;-2.75;0.119737;0.0385348;;;2.5;-2.75;8.69E-02;7.87E-02
2.75;-2.75;0.109544;0.0365406;;;2.75;-2.75;7.50E-02;7.46E-02
3;-2.75;0.100498;0.0343944;;;3;-2.75;6.48E-02;7.02E-02
3.25;-2.75;0.0924986;0.0322109;;;3.25;-2.75;5.61E-02;6.58E-02
3.5;-2.75;0.0854348;0.030066;;;3.5;-2.75;4.87E-02;6.14E-02
3.75;-2.75;0.0791948;0.0280075;;;3.75;-2.75;4.24E-02;5.72E-02
4;-2.75;0.0736738;0.0260625;;;4;-2.75;3.70E-02;5.32E-02
4.25;-2.75;0.0687771;0.0242447;;;4.25;-2.75;3.25E-02;4.95E-02
4.5;-2.75;0.0644211;0.0225582;;;4.5;-2.75;2.86E-02;4.61E-02
4.75;-2.75;0.0605331;0.0210014;;;4.75;-2.75;2.53E-02;4.29E-02
5;-2.75;0.0570504;0.0195691;;;5;-2.75;2.24E-02;4.00E-02
-5;-2.5;0.0562292;0.0187641;;;-5;-2.5;1.97E-02;3.83E-02
-4.75;-2.5;0.059668;0.0202315;;;-4.75;-2.5;2.23E-02;4.13E-02
-4.5;-2.5;0.0635203;0.0218453;;;-4.5;-2.5;2.54E-02;4.46E-02
-4.25;-2.5;0.0678549;0.0236173;;;-4.25;-2.5;2.90E-02;4.82E-02
-4;-2.5;0.0727534;0.0255575;;;-4;-2.5;3.32E-02;5.22E-02
-3.75;-2.5;0.0783126;0.0276721;;;-3.75;-2.5;3.83E-02;5.65E-02
-3.5;-2.5;0.0846459;0.0299599;;;-3.5;-2.5;4.43E-02;6.12E-02
-3.25;-2.5;0.0918847;0.0324076;;;-3.25;-2.5;5.15E-02;6.62E-02
-3;-2.5;0.100177;0.0349829;;;-3;-2.5;6.01E-02;7.14E-02
-2.75;-2.5;0.109684;0.0376239;;;-2.75;-2.5;7.04E-02;7.68E-02
-2.5;-2.5;0.12057;0.0402256;;;-2.5;-2.5;8.26E-02;8.21E-02
-2.25;-2.5;0.132976;0.0426224;;;-2.25;-2.5;9.72E-02;8.70E-02
-2;-2.5;0.146993;0.0445693;;;-2;-2.5;1.14E-01;9.10E-02
-1.75;-2.5;0.162592;0.0457261;;;-1.75;-2.5;1.34E-01;9.33E-02
-1.5;-2.5;0.17955;0.0456553;;;-1.5;-2.5;1.56E-01;9.32E-02
-1.25;-2.5;0.19735;0.0438512;;;-1.25;-2.5;1.79E-01;8.95E-02
-1;-2.5;0.215093;0.0398179;;;-1;-2.5;2.03E-01;8.13E-02
-0.75;-2.5;0.231478;0.0332069;;;-0.75;-2.5;2.26E-01;6.78E-02
-0.5;-2.5;0.244913;0.0239923;;;-0.5;-2.5;2.45E-01;4.90E-02
-0.25;-2.5;0.253795;0.0126151;;;-0.25;-2.5;2.57E-01;2.57E-02
0;-2.5;0.256907;8.03517E-18;;;0;-2.5;2.62E-01;6.57E-11
0.25;-2.5;0.253795;0.0126151;;;0.25;-2.5;2.57E-01;2.57E-02
0.5;-2.5;0.244913;0.0239923;;;0.5;-2.5;2.45E-01;4.90E-02
0.75;-2.5;0.231478;0.0332069;;;0.75;-2.5;2.26E-01;6.78E-02
1;-2.5;0.215093;0.0398179;;;1;-2.5;2.03E-01;8.13E-02
1.25;-2.5;0.19735;0.0438512;;;1.25;-2.5;1.79E-01;8.95E-02
1.5;-2.5;0.17955;0.0456553;;;1.5;-2.5;1.56E-01;9.32E-02
1.75;-2.5;0.162592;0.0457261;;;1.75;-2.5;1.34E-01;9.33E-02
2;-2.5;0.146993;0.0445693;;;2;-2.5;1.14E-01;9.10E-02
2.25;-2.5;0.132976;0.0426224;;;2.25;-2.5;9.72E-02;8.70E-02
2.5;-2.5;0.12057;0.0402256;;;2.5;-2.5;8.26E-02;8.21E-02
2.75;-2.5;0.109684;0.0376239;;;2.75;-2.5;7.04E-02;7.68E-02
3;-2.5;0.100177;0.0349829;;;3;-2.5;6.01E-02;7.14E-02
3.25;-2.5;0.0918847;0.0324076;;;3.25;-2.5;5.15E-02;6.62E-02
3.5;-2.5;0.0846459;0.0299599;;;3.5;-2.5;4.43E-02;6.12E-02
3.75;-2.5;0.0783126;0.0276721;;;3.75;-2.5;3.83E-02;5.65E-02
4;-2.5;0.0727534;0.0255575;;;4;-2.5;3.32E-02;5.22E-02
4.25;-2.5;0.0678549;0.0236173;;;4.25;-2.5;2.90E-02;4.82E-02
4.5;-2.5;0.0635203;0.0218453;;;4.5;-2.5;2.54E-02;4.46E-02
4.75;-2.5;0.059668;0.0202315;;;4.75;-2.5;2.23E-02;4.13E-02
5;-2.5;0.0562292;0.0187641;;;5;-2.5;1.97E-02;3.83E-02
-5;-2.25;0.0553521;0.0177511;;;-5;-2.25;1.70E-02;3.63E-02
-4.75;-2.25;0.0587253;0.019226;;;-4.75;-2.25;1.94E-02;3.93E-02
-4.5;-2.25;0.0625139;0.0208661;;;-4.5;-2.25;2.21E-02;4.26E-02
-4.25;-2.25;0.0667914;0.02269;;;-4.25;-2.25;2.53E-02;4.63E-02
-4;-2.25;0.0716468;0.024717;;;-4;-2.25;2.92E-02;5.05E-02
-3.75;-2.25;0.0771883;0.0269646;;;-3.75;-2.25;3.38E-02;5.51E-02
-3.5;-2.25;0.0835465;0.0294469;;;-3.5;-2.25;3.95E-02;6.01E-02
-3.25;-2.25;0.0908786;0.0321692;;;-3.25;-2.25;4.63E-02;6.57E-02
-3;-2.25;0.0993708;0.0351213;;;-3;-2.25;5.46E-02;7.17E-02
-2.75;-2.25;0.109239;0.038266;;;-2.75;-2.25;6.47E-02;7.81E-02
-2.5;-2.25;0.120723;0.0415224;;;-2.5;-2.25;7.71E-02;8.48E-02
-2.25;-2.25;0.134071;0.0447413;;;-2.25;-2.25;9.20E-02;9.14E-02
-2;-2.25;0.1495;0.0476745;;;-2;-2.25;1.10E-01;9.73E-02
-1.75;-2.25;0.167131;0.049939;;;-1.75;-2.25;1.32E-01;1.02E-01
-1.5;-2.25;0.186873;0.0509898;;;-1.5;-2.25;1.57E-01;1.04E-01
-1.25;-2.25;0.208268;0.0501261;;;-1.25;-2.25;1.84E-01;1.02E-01
-1;-2.25;0.230305;0.0465706;;;-1;-2.25;2.14E-01;9.51E-02
-0.75;-2.25;0.251308;0.0396607;;;-0.75;-2.25;2.43E-01;8.09E-02
-0.5;-2.25;0.26901;0.0291475;;;-0.5;-2.25;2.68E-01;5.95E-02
-0.25;-2.25;0.280954;0.0154981;;;-0.25;-2.25;2.84E-01;3.16E-02
0;-2.25;0.285186;3.70298E-17;;;0;-2.25;2.90E-01;8.11E-11
0.25;-2.25;0.280954;0.0154981;;;0.25;-2.25;2.84E-01;3.16E-02
0.5;-2.25;0.26901;0.0291475;;;0.5;-2.25;2.68E-01;5.95E-02
0.75;-2.25;0.251308;0.0396607;;;0.75;-2.25;2.43E-01;8.09E-02
1;-2.25;0.230305;0.0465706;;;1;-2.25;2.14E-01;9.51E-02
1.25;-2.25;0.208268;0.0501261;;;1.25;-2.25;1.84E-01;1.02E-01
1.5;-2.25;0.186873;0.0509898;;;1.5;-2.25;1.57E-01;1.04E-01
1.75;-2.25;0.167131;0.049939;;;1.75;-2.25;1.32E-01;1.02E-01
2;-2.25;0.1495;0.0476745;;;2;-2.25;1.10E-01;9.73E-02
2.25;-2.25;0.134071;0.0447413;;;2.25;-2.25;9.20E-02;9.14E-02
2.5;-2.25;0.120723;0.0415224;;;2.5;-2.25;7.71E-02;8.48E-02
2.75;-2.25;0.109239;0.038266;;;2.75;-2.25;6.47E-02;7.81E-02
3;-2.25;0.0993708;0.0351213;;;3;-2.25;5.46E-02;7.17E-02
3.25;-2.25;0.0908786;0.0321692;;;3.25;-2.25;4.63E-02;6.57E-02
3.5;-2.25;0.0835465;0.0294469;;;3.5;-2.25;3.95E-02;6.01E-02
3.75;-2.25;0.0771883;0.0269646;;;3.75;-2.25;3.38E-02;5.51E-02
4;-2.25;0.0716468;0.024717;;;4;-2.25;2.92E-02;5.05E-02
4.25;-2.25;0.0667914;0.02269;;;4.25;-2.25;2.53E-02;4.63E-02
4.5;-2.25;0.0625139;0.0208661;;;4.5;-2.25;2.21E-02;4.26E-02
4.75;-2.25;0.0587253;0.019226;;;4.75;-2.25;1.94E-02;3.93E-02
5;-2.25;0.0553521;0.0177511;;;5;-2.25;1.70E-02;3.63E-02
-5;-2;0.0544434;0.0165217;;;-5;-2;1.45E-02;3.38E-02
-4.75;-2;0.0577316;0.017972;;;-4.75;-2;1.65E-02;3.67E-02
-4.5;-2;0.061431;0.0196013;;;-4.5;-2;1.88E-02;4.00E-02
-4.25;-2;0.0656176;0.0214349;;;-4.25;-2;2.17E-02;4.38E-02
-4;-2;0.0703856;0.0235009;;;-4;-2;2.51E-02;4.80E-02
-3.75;-2;0.0758515;0.0258295;;;-3.75;-2;2.92E-02;5.28E-02
-3.5;-2;0.0821601;0.028451;;;-3.5;-2;3.43E-02;5.81E-02
-3.25;-2;0.0894912;0.0313932;;;-3.25;-2;4.06E-02;6.41E-02
-3;-2;0.0980672;0.0346745;;;-3;-2;4.84E-02;7.08E-02
-2.75;-2;0.10816;0.0382937;;;-2.75;-2;5.80E-02;7.82E-02
-2.5;-2;0.120093;0.0422117;;;-2.5;-2;7.01E-02;8.62E-02
-2.25;-2;0.13424;0.046322;;;-2.25;-2;8.51E-02;9.46E-02
-2;-2;0.150993;0.0504065;;;-2;-2;1.04E-01;1.03E-01
-1.75;-2;0.170697;0.0540748;;;-1.75;-2;1.27E-01;1.10E-01
-1.5;-2;0.193516;0.0566939;;;-1.5;-2;1.55E-01;1.16E-01
-1.25;-2;0.219194;0.0573397;;;-1.25;-2;1.88E-01;1.17E-01
-1;-2;0.246731;0.0548378;;;-1;-2;2.24E-01;1.12E-01
-0.75;-2;0.274049;0.0479945;;;-0.75;-2;2.61E-01;9.80E-02
-0.5;-2;0.297916;0.036086;;;-0.5;-2;2.94E-01;7.37E-02
-0.25;-2;0.314469;0.019483;;;-0.25;-2;3.18E-01;3.98E-02
0;-2;0.320421;4.43041E-17;;;0;-2;3.26E-01;1.03E-10
0.25;-2;0.314469;0.019483;;;0.25;-2;3.18E-01;3.98E-02
0.5;-2;0.297916;0.036086;;;0.5;-2;2.94E-01;7.37E-02
0.75;-2;0.274049;0.0479945;;;0.75;-2;2.61E-01;9.80E-02
1;-2;0.246731;0.0548378;;;1;-2;2.24E-01;1.12E-01
1.25;-2;0.219194;0.0573397;;;1.25;-2;1.88E-01;1.17E-01
1.5;-2;0.193516;0.0566939;;;1.5;-2;1.55E-01;1.16E-01
1.75;-2;0.170697;0.0540748;;;1.75;-2;1.27E-01;1.10E-01
2;-2;0.150993;0.0504065;;;2;-2;1.04E-01;1.03E-01
2.25;-2;0.13424;0.046322;;;2.25;-2;8.51E-02;9.46E-02
2.5;-2;0.120093;0.0422117;;;2.5;-2;7.01E-02;8.62E-02
2.75;-2;0.10816;0.0382937;;;2.75;-2;5.80E-02;7.82E-02
3;-2;0.0980672;0.0346745;;;3;-2;4.84E-02;7.08E-02
3.25;-2;0.0894912;0.0313932;;;3.25;-2;4.06E-02;6.41E-02
3.5;-2;0.0821601;0.028451;;;3.5;-2;3.43E-02;5.81E-02
3.75;-2;0.0758515;0.0258295;;;3.75;-2;2.92E-02;5.28E-02
4;-2;0.0703856;0.0235009;;;4;-2;2.51E-02;4.80E-02
4.25;-2;0.0656176;0.0214349;;;4.25;-2;2.17E-02;4.38E-02
4.5;-2;0.061431;0.0196013;;;4.5;-2;1.88E-02;4.00E-02
4.75;-2;0.0577316;0.017972;;;4.75;-2;1.65E-02;3.67E-02
5;-2;0.0544434;0.0165217;;;5;-2;1.45E-02;3.38E-02
-5;-1.75;0.0535311;0.015073;;;-5;-1.75;1.21E-02;3.08E-02
-4.75;-1.75;0.0567194;0.0164626;;;-4.75;-1.75;1.37E-02;3.36E-02
-4.5;-1.75;0.0603085;0.0180385;;;-4.5;-1.75;1.57E-02;3.69E-02
-4.25;-1.75;0.0643751;0.0198315;;;-4.25;-1.75;1.81E-02;4.05E-02
-4;-1.75;0.0690154;0.0218777;;;-4;-1.75;2.11E-02;4.47E-02
-3.75;-1.75;0.0743507;0.0242188;;;-3.75;-1.75;2.46E-02;4.95E-02
-3.5;-1.75;0.0805351;0.026902;;;-3.5;-1.75;2.91E-02;5.50E-02
-3.25;-1.75;0.0877652;0.0299785;;;-3.25;-1.75;3.46E-02;6.12E-02
-3;-1.75;0.0962929;0.0335002;;;-3;-1.75;4.16E-02;6.84E-02
-2.75;-1.75;0.10644;0.0375116;;;-2.75;-1.75;5.04E-02;7.66E-02
-2.5;-1.75;0.118616;0.0420337;;;-2.5;-1.75;6.18E-02;8.58E-02
-2.25;-1.75;0.133327;0.0470346;;;-2.25;-1.75;7.63E-02;9.60E-02
-2;-1.75;0.15118;0.0523764;;;-2;-1.75;9.51E-02;1.07E-01
-1.75;-1.75;0.172831;0.0577281;;;-1.75;-1.75;1.19E-01;1.18E-01
-1.5;-1.75;0.198862;0.062438;;;-1.5;-1.75;1.50E-01;1.27E-01
-1.25;-1.75;0.229477;0.0653828;;;-1.25;-1.75;1.88E-01;1.33E-01
-1;-1.75;0.263969;0.0648818;;;-1;-1.75;2.32E-01;1.32E-01
-0.75;-1.75;0.299988;0.058882;;;-0.75;-1.75;2.81E-01;1.20E-01
-0.5;-1.75;0.333005;0.0456834;;;-0.5;-1.75;3.26E-01;9.32E-02
-0.25;-1.75;0.356784;0.0252032;;;-0.25;-1.75;3.59E-01;5.14E-02
0;-1.75;0.365517;3.72109E-17;;;0;-1.75;3.72E-01;1.34E-10
0.25;-1.75;0.356784;0.0252032;;;0.25;-1.75;3.59E-01;5.14E-02
0.5;-1.75;0.333005;0.0456834;;;0.5;-1.75;3.26E-01;9.32E-02
0.75;-1.75;0.299988;0.058882;;;0.75;-1.75;2.81E-01;1.20E-01
1;-1.75;0.263969;0.0648818;;;1;-1.75;2.32E-01;1.32E-01
1.25;-1.75;0.229477;0.0653828;;;1.25;-1.75;1.88E-01;1.33E-01
1.5;-1.75;0.198862;0.062438;;;1.5;-1.75;1.50E-01;1.27E-01
1.75;-1.75;0.172831;0.0577281;;;1.75;-1.75;1.19E-01;1.18E-01
2;-1.75;0.15118;0.0523764;;;2;-1.75;9.51E-02;1.07E-01
2.25;-1.75;0.133327;0.0470346;;;2.25;-1.75;7.63E-02;9.60E-02
2.5;-1.75;0.118616;0.0420337;;;2.5;-1.75;6.18E-02;8.58E-02
2.75;-1.75;0.10644;0.0375116;;;2.75;-1.75;5.04E-02;7.66E-02
3;-1.75;0.0962929;0.0335002;;;3;-1.75;4.16E-02;6.84E-02
3.25;-1.75;0.0877652;0.0299785;;;3.25;-1.75;3.46E-02;6.12E-02
3.5;-1.75;0.0805351;0.026902;;;3.5;-1.75;2.91E-02;5.50E-02
3.75;-1.75;0.0743507;0.0242188;;;3.75;-1.75;2.46E-02;4.95E-02
4;-1.75;0.0690154;0.0218777;;;4;-1.75;2.11E-02;4.47E-02
4.25;-1.75;0.0643751;0.0198315;;;4.25;-1.75;1.81E-02;4.05E-02
4.5;-1.75;0.0603085;0.0180385;;;4.5;-1.75;1.57E-02;3.69E-02
4.75;-1.75;0.0567194;0.0164626;;;4.75;-1.75;1.37E-02;3.36E-02
5;-1.75;0.0535311;0.015073;;;5;-1.75;1.21E-02;3.08E-02
-5;-1.5;0.0526464;0.0134082;;;-5;-1.5;1.00E-02;2.74E-02
-4.75;-1.5;0.0557256;0.0146987;;;-4.75;-1.5;1.13E-02;3.00E-02
-4.5;-1.5;0.0591901;0.0161746;;;-4.5;-1.5;1.30E-02;3.30E-02
-4.25;-1.5;0.0631151;0.0178704;;;-4.25;-1.5;1.49E-02;3.65E-02
-4;-1.5;0.0675959;0.0198281;;;-4;-1.5;1.73E-02;4.05E-02
-3.75;-1.5;0.0727543;0.0220988;;;-3.75;-1.5;2.03E-02;4.51E-02
-3.5;-1.5;0.0787475;0.024744;;;-3.5;-1.5;2.40E-02;5.05E-02
-3.25;-1.5;0.0857809;0.027837;;;-3.25;-1.5;2.87E-02;5.69E-02
-3;-1.5;0.0941251;0.0314634;;;-3;-1.5;3.46E-02;6.43E-02
-2.75;-1.5;0.104139;0.0357181;;;-2.75;-1.5;4.24E-02;7.30E-02
-2.5;-1.5;0.116303;0.0406964;;;-2.5;-1.5;5.25E-02;8.31E-02
-2.25;-1.5;0.131252;0.046472;;;-2.25;-1.5;6.59E-02;9.49E-02
-2;-1.5;0.149817;0.053047;;;-2;-1.5;8.38E-02;1.08E-01
-1.75;-1.5;0.173042;0.0602528;;;-1.75;-1.5;1.08E-01;1.23E-01
-1.5;-1.5;0.202111;0.0675659;;;-1.5;-1.5;1.40E-01;1.38E-01
-1.25;-1.5;0.238067;0.0738099;;;-1.25;-1.5;1.83E-01;1.51E-01
-1;-1.5;0.281085;0.0767949;;;-1;-1.5;2.36E-01;1.57E-01
-0.75;-1.5;0.329084;0.0731938;;;-0.75;-1.5;2.99E-01;1.49E-01
-0.5;-1.5;0.376047;0.0593715;;;-0.5;-1.5;3.63E-01;1.21E-01
-0.25;-1.5;0.411728;0.0338128;;;-0.25;-1.5;4.13E-01;6.90E-02
0;-1.5;0.425237;6.96447E-17;;;0;-1.5;4.32E-01;1.82E-10
0.25;-1.5;0.411728;0.0338128;;;0.25;-1.5;4.13E-01;6.90E-02
0.5;-1.5;0.376047;0.0593715;;;0.5;-1.5;3.63E-01;1.21E-01
0.75;-1.5;0.329084;0.0731938;;;0.75;-1.5;2.99E-01;1.49E-01
1;-1.5;0.281085;0.0767949;;;1;-1.5;2.36E-01;1.57E-01
1.25;-1.5;0.238067;0.0738099;;;1.25;-1.5;1.83E-01;1.51E-01
1.5;-1.5;0.202111;0.0675659;;;1.5;-1.5;1.40E-01;1.38E-01
1.75;-1.5;0.173042;0.0602528;;;1.75;-1.5;1.08E-01;1.23E-01
2;-1.5;0.149817;0.053047;;;2;-1.5;8.38E-02;1.08E-01
2.25;-1.5;0.131252;0.046472;;;2.25;-1.5;6.59E-02;9.49E-02
2.5;-1.5;0.116303;0.0406964;;;2.5;-1.5;5.25E-02;8.31E-02
2.75;-1.5;0.104139;0.0357181;;;2.75;-1.5;4.24E-02;7.30E-02
3;-1.5;0.0941251;0.0314634;;;3;-1.5;3.46E-02;6.43E-02
3.25;-1.5;0.0857809;0.027837;;;3.25;-1.5;2.87E-02;5.69E-02
3.5;-1.5;0.0787475;0.024744;;;3.5;-1.5;2.40E-02;5.05E-02
3.75;-1.5;0.0727543;0.0220988;;;3.75;-1.5;2.03E-02;4.51E-02
4;-1.5;0.0675959;0.0198281;;;4;-1.5;1.73E-02;4.05E-02
4.25;-1.5;0.0631151;0.0178704;;;4.25;-1.5;1.49E-02;3.65E-02
4.5;-1.5;0.0591901;0.0161746;;;4.5;-1.5;1.30E-02;3.30E-02
4.75;-1.5;0.0557256;0.0146987;;;4.75;-1.5;1.13E-02;3.00E-02
5;-1.5;0.0526464;0.0134082;;;5;-1.5;1.00E-02;2.74E-02
-5;-1.25;0.0518224;0.0115381;;;-5;-1.25;8.35E-03;2.36E-02
-4.75;-1.25;0.0547902;0.0126902;;;-4.75;-1.25;9.42E-03;2.59E-02
-4.5;-1.25;0.0581243;0.0140175;;;-4.5;-1.25;1.07E-02;2.86E-02
-4.25;-1.25;0.0618967;0.015556;;;-4.25;-1.25;1.23E-02;3.18E-02
-4;-1.25;0.0661988;0.0173502;;;-4;-1.25;1.42E-02;3.54E-02
-3.75;-1.25;0.0711486;0.0194564;;;-3.75;-1.25;1.65E-02;3.97E-02
-3.5;-1.25;0.0769003;0.0219458;;;-3.5;-1.25;1.95E-02;4.48E-02
-3.25;-1.25;0.0836586;0.0249082;;;-3.25;-1.25;2.32E-02;5.09E-02
-3;-1.25;0.0916991;0.028457;;;-3;-1.25;2.81E-02;5.81E-02
-2.75;-1.25;0.101398;0.0327334;;;-2.75;-1.25;3.45E-02;6.69E-02
-2.5;-1.25;0.113279;0.0379093;;;-2.5;-1.25;4.30E-02;7.74E-02
-2.25;-1.25;0.128073;0.0441813;;;-2.25;-1.25;5.45E-02;9.02E-02
-2;-1.25;0.146811;0.0517444;;;-2;-1.25;7.05E-02;1.06E-01
-1.75;-1.25;0.170932;0.0607126;;;-1.75;-1.25;9.30E-02;1.24E-01
-1.5;-1.25;0.202369;0.0709237;;;-1.5;-1.25;1.25E-01;1.45E-01
-1.25;-1.25;0.243461;0.0815094;;;-1.25;-1.25;1.70E-01;1.66E-01
-1;-1.25;0.296256;0.0901049;;;-1;-1.25;2.33E-01;1.84E-01
-0.75;-1.25;0.360414;0.0918583;;;-0.75;-1.25;3.14E-01;1.88E-01
-0.5;-1.25;0.429116;0.079542;;;-0.5;-1.25;4.05E-01;1.62E-01
-0.25;-1.25;0.485568;0.047585;;;-0.25;-1.25;4.84E-01;9.71E-02
0;-1.25;0.507952;6.25577E-17;;;0;-1.25;5.15E-01;2.62E-10
0.25;-1.25;0.485568;0.047585;;;0.25;-1.25;4.84E-01;9.71E-02
0.5;-1.25;0.429116;0.079542;;;0.5;-1.25;4.05E-01;1.62E-01
0.75;-1.25;0.360414;0.0918583;;;0.75;-1.25;3.14E-01;1.88E-01
1;-1.25;0.296256;0.0901049;;;1;-1.25;2.33E-01;1.84E-01
1.25;-1.25;0.243461;0.0815094;;;1.25;-1.25;1.70E-01;1.66E-01
1.5;-1.25;0.202369;0.0709237;;;1.5;-1.25;1.25E-01;1.45E-01
1.75;-1.25;0.170932;0.0607126;;;1.75;-1.25;9.30E-02;1.24E-01
2;-1.25;0.146811;0.0517444;;;2;-1.25;7.05E-02;1.06E-01
2.25;-1.25;0.128073;0.0441813;;;2.25;-1.25;5.45E-02;9.02E-02
2.5;-1.25;0.113279;0.0379093;;;2.5;-1.25;4.30E-02;7.74E-02
2.75;-1.25;0.101398;0.0327334;;;2.75;-1.25;3.45E-02;6.69E-02
3;-1.25;0.0916991;0.028457;;;3;-1.25;2.81E-02;5.81E-02
3.25;-1.25;0.0836586;0.0249082;;;3.25;-1.25;2.32E-02;5.09E-02
3.5;-1.25;0.0769003;0.0219458;;;3.5;-1.25;1.95E-02;4.48E-02
3.75;-1.25;0.0711486;0.0194564;;;3.75;-1.25;1.65E-02;3.97E-02
4;-1.25;0.0661988;0.0173502;;;4;-1.25;1.42E-02;3.54E-02
4.25;-1.25;0.0618967;0.015556;;;4.25;-1.25;1.23E-02;3.18E-02
4.5;-1.25;0.0581243;0.0140175;;;4.5;-1.25;1.07E-02;2.86E-02
4.75;-1.25;0.0547902;0.0126902;;;4.75;-1.25;9.42E-03;2.59E-02
5;-1.25;0.0518224;0.0115381;;;5;-1.25;8.35E-03;2.36E-02
-5;-1;0.0510921;0.00948082;;;-5;-1;7.22E-03;1.94E-02
-4.75;-1;0.0539539;0.0104567;;;-4.75;-1;8.08E-03;2.14E-02
-4.5;-1;0.0571618;0.0115881;;;-4.5;-1;9.11E-03;2.37E-02
-4.25;-1;0.0607829;0.0129089;;;-4.25;-1;1.03E-02;2.64E-02
-4;-1;0.0649029;0.0144627;;;-4;-1;1.18E-02;2.95E-02
-3.75;-1;0.0696328;0.0163056;;;-3.75;-1;1.37E-02;3.33E-02
-3.5;-1;0.0751183;0.0185109;;;-3.5;-1;1.60E-02;3.78E-02
-3.25;-1;0.0815547;0.0211751;;;-3.25;-1;1.89E-02;4.33E-02
-3;-1;0.0892083;0.0244267;;;-3;-1;2.27E-02;4.99E-02
-2.75;-1;0.0984502;0.0284377;;;-2.75;-1;2.77E-02;5.81E-02
-2.5;-1;0.10981;0.0334391;;;-2.5;-1;3.44E-02;6.83E-02
-2.25;-1;0.124058;0.0397389;;;-2.25;-1;4.36E-02;8.12E-02
-2;-1;0.142346;0.0477368;;;-2;-1;5.68E-02;9.75E-02
-1.75;-1;0.166421;0.0579134;;;-1.75;-1;7.60E-02;1.18E-01
-1.5;-1;0.198946;0.0707249;;;-1.5;-1;1.05E-01;1.44E-01
-1.25;-1;0.243869;0.0862131;;;-1.25;-1;1.49E-01;1.76E-01
-1;-1;0.30641;0.102878;;;-1;-1;2.17E-01;2.10E-01
-0.75;-1;0.391053;0.115141;;;-0.75;-1;3.18E-01;2.35E-01
-0.5;-1;0.493916;0.110153;;;-0.5;-1;4.50E-01;2.25E-01
-0.25;-1;0.589123;0.0714682;;;-0.25;-1;5.80E-01;1.46E-01
0;-1;0.629754;8.07425E-17;;;0;-1;6.37E-01;4.08E-10
0.25;-1;0.589123;0.0714682;;;0.25;-1;5.80E-01;1.46E-01
0.5;-1;0.493916;0.110153;;;0.5;-1;4.50E-01;2.25E-01
0.75;-1;0.391053;0.115141;;;0.75;-1;3.18E-01;2.35E-01
1;-1;0.30641;0.102878;;;1;-1;2.17E-01;2.10E-01
1.25;-1;0.243869;0.0862131;;;1.25;-1;1.49E-01;1.76E-01
1.5;-1;0.198946;0.0707249;;;1.5;-1;1.05E-01;1.44E-01
1.75;-1;0.166421;0.0579134;;;1.75;-1;7.60E-02;1.18E-01
2;-1;0.142346;0.0477368;;;2;-1;5.68E-02;9.75E-02
2.25;-1;0.124058;0.0397389;;;2.25;-1;4.36E-02;8.12E-02
2.5;-1;0.10981;0.0334391;;;2.5;-1;3.44E-02;6.83E-02
2.75;-1;0.0984502;0.0284377;;;2.75;-1;2.77E-02;5.81E-02
3;-1;0.0892083;0.0244267;;;3;-1;2.27E-02;4.99E-02
3.25;-1;0.0815547;0.0211751;;;3.25;-1;1.89E-02;4.33E-02
3.5;-1;0.0751183;0.0185109;;;3.5;-1;1.60E-02;3.78E-02
3.75;-1;0.0696328;0.0163056;;;3.75;-1;1.37E-02;3.33E-02
4;-1;0.0649029;0.0144627;;;4;-1;1.18E-02;2.95E-02
4.25;-1;0.0607829;0.0129089;;;4.25;-1;1.03E-02;2.64E-02
4.5;-1;0.0571618;0.0115881;;;4.5;-1;9.11E-03;2.37E-02
4.75;-1;0.0539539;0.0104567;;;4.75;-1;8.08E-03;2.14E-02
5;-1;0.0510921;0.00948082;;;5;-1;7.22E-03;1.94E-02
-5;-0.75;0.0504866;0.0072625;;;-5;-0.75;6.63E-03;1.48E-02
-4.75;-0.75;0.0532557;0.00802805;;;-4.75;-0.75;7.37E-03;1.64E-02
-4.5;-0.75;0.0563516;0.00892001;;;-4.5;-0.75;8.24E-03;1.82E-02
-4.25;-0.75;0.0598362;0.00996744;;;-4.25;-0.75;9.28E-03;2.04E-02
-4;-0.75;0.0637888;0.0112081;;;-4;-0.75;1.05E-02;2.29E-02
-3.75;-0.75;0.0683113;0.0126919;;;-3.75;-0.75;1.20E-02;2.59E-02
-3.5;-0.75;0.073538;0.0144852;;;-3.5;-0.75;1.39E-02;2.96E-02
-3.25;-0.75;0.0796487;0.0166786;;;-3.25;-0.75;1.62E-02;3.41E-02
-3;-0.75;0.0868898;0.0193966;;;-3;-0.75;1.92E-02;3.96E-02
-2.75;-0.75;0.0956073;0.0228148;;;-2.75;-0.75;2.31E-02;4.66E-02
-2.5;-0.75;0.106301;0.0271842;;;-2.5;-0.75;2.83E-02;5.55E-02
-2.25;-0.75;0.119719;0.0328706;;;-2.25;-0.75;3.55E-02;6.71E-02
-2;-0.75;0.137015;0.0404153;;;-2;-0.75;4.57E-02;8.25E-02
-1.75;-0.75;0.160048;0.0506222;;;-1.75;-0.75;6.07E-02;1.03E-01
-1.5;-0.75;0.191927;0.0646592;;;-1.5;-0.75;8.41E-02;1.32E-01
-1.25;-0.75;0.238011;0.0840553;;;-1.25;-0.75;1.22E-01;1.72E-01
-1;-0.75;0.307488;0.110028;;;-1;-0.75;1.87E-01;2.25E-01
-0.75;-0.75;0.414321;0.140043;;;-0.75;-0.75;3.01E-01;2.86E-01
-0.5;-0.75;0.569228;0.156974;;;-0.5;-0.75;4.86E-01;3.21E-01
-0.25;-0.75;0.742167;0.117783;;;-0.25;-0.75;7.13E-01;2.41E-01
0;-0.75;0.825602;1.17043E-16;;;0;-0.75;8.29E-01;7.21E-10
0.25;-0.75;0.742167;0.117783;;;0.25;-0.75;7.13E-01;2.41E-01
0.5;-0.75;0.569228;0.156974;;;0.5;-0.75;4.86E-01;3.21E-01
0.75;-0.75;0.414321;0.140043;;;0.75;-0.75;3.01E-01;2.86E-01
1;-0.75;0.307488;0.110028;;;1;-0.75;1.87E-01;2.25E-01
1.25;-0.75;0.238011;0.0840553;;;1.25;-0.75;1.22E-01;1.72E-01
1.5;-0.75;0.191927;0.0646592;;;1.5;-0.75;8.41E-02;1.32E-01
1.75;-0.75;0.160048;0.0506222;;;1.75;-0.75;6.07E-02;1.03E-01
2;-0.75;0.137015;0.0404153;;;2;-0.75;4.57E-02;8.25E-02
2.25;-0.75;0.119719;0.0328706;;;2.25;-0.75;3.55E-02;6.71E-02
2.5;-0.75;0.106301;0.0271842;;;2.5;-0.75;2.83E-02;5.55E-02
2.75;-0.75;0.0956073;0.0228148;;;2.75;-0.75;2.31E-02;4.66E-02
3;-0.75;0.0868898;0.0193966;;;3;-0.75;1.92E-02;3.96E-02
3.25;-0.75;0.0796487;0.0166786;;;3.25;-0.75;1.62E-02;3.41E-02
3.5;-0.75;0.073538;0.0144852;;;3.5;-0.75;1.39E-02;2.96E-02
3.75;-0.75;0.0683113;0.0126919;;;3.75;-0.75;1.20E-02;2.59E-02
4;-0.75;0.0637888;0.0112081;;;4;-0.75;1.05E-02;2.29E-02
4.25;-0.75;0.0598362;0.00996744;;;4.25;-0.75;9.28E-03;2.04E-02
4.5;-0.75;0.0563516;0.00892001;;;4.5;-0.75;8.24E-03;1.82E-02
4.75;-0.75;0.0532557;0.00802805;;;4.75;-0.75;7.37E-03;1.64E-02
5;-0.75;0.0504866;0.0072625;;;5;-0.75;6.63E-03;1.48E-02
-5;-0.5;0.0500328;0.00491617;;;-5;-0.5;6.44E-03;1.00E-02
-4.75;-0.5;0.0527298;0.00544334;;;-4.75;-0.5;7.14E-03;1.11E-02
-4.5;-0.5;0.0557375;0.00605977;;;-4.5;-0.5;7.95E-03;1.24E-02
-4.25;-0.5;0.0591136;0.00678672;;;-4.25;-0.5;8.92E-03;1.39E-02
-4;-0.5;0.0629309;0.00765218;;;-4;-0.5;1.01E-02;1.56E-02
-3.75;-0.5;0.0672831;0.00869348;;;-3.75;-0.5;1.15E-02;1.78E-02
-3.5;-0.5;0.0722925;0.00996137;;;-3.5;-0.5;1.32E-02;2.04E-02
-3.25;-0.5;0.0781225;0.0115262;;;-3.25;-0.5;1.53E-02;2.35E-02
-3;-0.5;0.0849957;0.0134875;;;-3;-0.5;1.79E-02;2.76E-02
-2.75;-0.5;0.0932237;0.01599;;;-2.75;-0.5;2.13E-02;3.27E-02
-2.5;-0.5;0.103257;0.0192495;;;-2.5;-0.5;2.58E-02;3.93E-02
-2.25;-0.5;0.115771;0.0235992;;;-2.25;-0.5;3.19E-02;4.82E-02
-2;-0.5;0.131825;0.029572;;;-2;-0.5;4.03E-02;6.04E-02
-1.75;-0.5;0.153167;0.0380569;;;-1.75;-0.5;5.27E-02;7.77E-02
-1.5;-0.5;0.18288;0.0506031;;;-1.5;-0.5;7.15E-02;1.03E-01
-1.25;-0.5;0.226816;0.0700205;;;-1.25;-0.5;1.02E-01;1.43E-01
-1;-0.5;0.297018;0.101441;;;-1;-0.5;1.57E-01;2.07E-01
-0.75;-0.5;0.419573;0.152824;;;-0.75;-0.5;2.66E-01;3.12E-01
-0.5;-0.5;0.644087;0.222538;;;-0.5;-0.5;4.95E-01;4.54E-01
-0.25;-0.5;0.98399;0.224053;;;-0.25;-0.5;9.00E-01;4.58E-01
0;-0.5;1.18565;3.47494E-16;;;0;-0.5;1.17E+00;1.60E-09
0.25;-0.5;0.98399;0.224053;;;0.25;-0.5;9.00E-01;4.58E-01
0.5;-0.5;0.644087;0.222538;;;0.5;-0.5;4.95E-01;4.54E-01
0.75;-0.5;0.419573;0.152824;;;0.75;-0.5;2.66E-01;3.12E-01
1;-0.5;0.297018;0.101441;;;1;-0.5;1.57E-01;2.07E-01
1.25;-0.5;0.226816;0.0700205;;;1.25;-0.5;1.02E-01;1.43E-01
1.5;-0.5;0.18288;0.0506031;;;1.5;-0.5;7.15E-02;1.03E-01
1.75;-0.5;0.153167;0.0380569;;;1.75;-0.5;5.27E-02;7.77E-02
2;-0.5;0.131825;0.029572;;;2;-0.5;4.03E-02;6.04E-02
2.25;-0.5;0.115771;0.0235992;;;2.25;-0.5;3.19E-02;4.82E-02
2.5;-0.5;0.103257;0.0192495;;;2.5;-0.5;2.58E-02;3.93E-02
2.75;-0.5;0.0932237;0.01599;;;2.75;-0.5;2.13E-02;3.27E-02
3;-0.5;0.0849957;0.0134875;;;3;-0.5;1.79E-02;2.76E-02
3.25;-0.5;0.0781225;0.0115262;;;3.25;-0.5;1.53E-02;2.35E-02
3.5;-0.5;0.0722925;0.00996137;;;3.5;-0.5;1.32E-02;2.04E-02
3.75;-0.5;0.0672831;0.00869348;;;3.75;-0.5;1.15E-02;1.78E-02
4;-0.5;0.0629309;0.00765218;;;4;-0.5;1.01E-02;1.56E-02
4.25;-0.5;0.0591136;0.00678672;;;4.25;-0.5;8.92E-03;1.39E-02
4.5;-0.5;0.0557375;0.00605977;;;4.5;-0.5;7.95E-03;1.24E-02
4.75;-0.5;0.0527298;0.00544334;;;4.75;-0.5;7.14E-03;1.11E-02
5;-0.5;0.0500328;0.00491617;;;5;-0.5;6.44E-03;1.00E-02
-5;-0.25;0.0497517;0.00248089;;;-5;-0.25;6.44E-03;5.07E-03
-4.75;-0.25;0.0524028;0.00274967;;;-4.75;-0.25;7.13E-03;5.62E-03
-4.5;-0.25;0.0553542;0.00306466;;;-4.5;-0.25;7.95E-03;6.26E-03
-4.25;-0.25;0.0586603;0.00343709;;;-4.25;-0.25;8.91E-03;7.02E-03
-4;-0.25;0.0623896;0.00388184;;;-4;-0.25;1.01E-02;7.93E-03
-3.75;-0.25;0.0666299;0.00441894;;;-3.75;-0.25;1.14E-02;9.03E-03
-3.5;-0.25;0.0714946;0.00507588;;;-3.5;-0.25;1.31E-02;1.04E-02
-3.25;-0.25;0.0771344;0.0058912;;;-3.25;-0.25;1.52E-02;1.20E-02
-3;-0.25;0.0837527;0.00692031;;;-3;-0.25;1.79E-02;1.41E-02
-2.75;-0.25;0.0916324;0.00824519;;;-2.75;-0.25;2.13E-02;1.68E-02
-2.5;-0.25;0.101178;0.0099913;;;-2.5;-0.25;2.58E-02;2.04E-02
-2.25;-0.25;0.112991;0.0123586;;;-2.25;-0.25;3.18E-02;2.52E-02
-2;-0.25;0.128005;0.0156817;;;-2;-0.25;4.03E-02;3.20E-02
-1.75;-0.25;0.147763;0.0205557;;;-1.75;-0.25;5.26E-02;4.20E-02
-1.5;-0.25;0.175002;0.0281239;;;-1.5;-0.25;7.15E-02;5.74E-02
-1.25;-0.25;0.215094;0.0408165;;;-1.25;-0.25;1.03E-01;8.33E-02
-1;-0.25;0.280143;0.0645594;;;-1;-0.25;1.60E-01;1.32E-01
-0.75;-0.25;0.40315;0.116819;;;-0.75;-0.25;2.79E-01;2.38E-01
-0.5;-0.25;0.696168;0.260962;;;-0.5;-0.25;5.70E-01;5.32E-01
-0.25;-0.25;1.43312;0.567811;;;-0.25;-0.25;1.23E+00;1.16E+00
0;-0.25;2.01126;7.48278E-16;;;0;-0.25;1.85E+00;6.04E-09
0.25;-0.25;1.43312;0.567811;;;0.25;-0.25;1.23E+00;1.16E+00
0.5;-0.25;0.696168;0.260962;;;0.5;-0.25;5.70E-01;5.32E-01
0.75;-0.25;0.40315;0.116819;;;0.75;-0.25;2.79E-01;2.38E-01
1;-0.25;0.280143;0.0645594;;;1;-0.25;1.60E-01;1.32E-01
1.25;-0.25;0.215094;0.0408165;;;1.25;-0.25;1.03E-01;8.33E-02
1.5;-0.25;0.175002;0.0281239;;;1.5;-0.25;7.15E-02;5.74E-02
1.75;-0.25;0.147763;0.0205557;;;1.75;-0.25;5.26E-02;4.20E-02
2;-0.25;0.128005;0.0156817;;;2;-0.25;4.03E-02;3.20E-02
2.25;-0.25;0.112991;0.0123586;;;2.25;-0.25;3.18E-02;2.52E-02
2.5;-0.25;0.101178;0.0099913;;;2.5;-0.25;2.58E-02;2.04E-02
2.75;-0.25;0.0916324;0.00824519;;;2.75;-0.25;2.13E-02;1.68E-02
3;-0.25;0.0837527;0.00692031;;;3;-0.25;1.79E-02;1.41E-02
3.25;-0.25;0.0771344;0.0058912;;;3.25;-0.25;1.52E-02;1.20E-02
3.5;-0.25;0.0714946;0.00507588;;;3.5;-0.25;1.31E-02;1.04E-02
3.75;-0.25;0.0666299;0.00441894;;;3.75;-0.25;1.14E-02;9.03E-03
4;-0.25;0.0623896;0.00388184;;;4;-0.25;1.01E-02;7.93E-03
4.25;-0.25;0.0586603;0.00343709;;;4.25;-0.25;8.91E-03;7.02E-03
4.5;-0.25;0.0553542;0.00306466;;;4.5;-0.25;7.95E-03;6.26E-03
4.75;-0.25;0.0524028;0.00274967;;;4.75;-0.25;7.13E-03;5.62E-03
5;-0.25;0.0497517;0.00248089;;;5;-0.25;6.44E-03;5.07E-03
-5;0;0.0496565;0;;;-5;0;6.46E-03;0.00E+00
-4.75;0;0.0522919;0;;;-4.75;0;7.16E-03;0.00E+00
-4.5;0;0.0552238;0;;;-4.5;0;7.98E-03;0.00E+00
-4.25;0;0.0585058;0;;;-4.25;0;8.95E-03;0.00E+00
-4;0;0.0622047;0;;;-4;0;1.01E-02;0.00E+00
-3.75;0;0.0664058;0;;;-3.75;0;1.15E-02;0.00E+00
-3.5;0;0.0712197;0;;;-3.5;0;1.32E-02;0.00E+00
-3.25;0;0.0767922;0;;;-3.25;0;1.54E-02;0.00E+00
-3;0;0.0833195;0;;;-3;0;1.80E-02;0.00E+00
-2.75;0;0.0910728;0;;;-2.75;0;2.15E-02;0.00E+00
-2.5;0;0.100438;0;;;-2.5;0;2.61E-02;0.00E+00
-2.25;0;0.111986;0;;;-2.25;0;3.23E-02;0.00E+00
-2;0;0.126595;0;;;-2;0;4.10E-02;0.00E+00
-1.75;0;0.145704;0;;;-1.75;0;5.39E-02;0.00E+00
-1.5;0;0.171846;0;;;-1.5;0;7.40E-02;0.00E+00
-1.25;0;0.209982;0;;;-1.25;0;1.08E-01;0.00E+00
-1;0;0.271478;0;;;-1;0;1.74E-01;0.00E+00
-0.75;0;0.390138;0;;;-0.75;0;3.28E-01;0.00E+00
-0.5;0;0.738845;0;;;-0.5;0;8.91E-01;0.00E+00
-0.25;0;113.52;0;;;-0.25;0;5.21E+02;0.00E+00
0;0;80.0089;0;;;0;0;9.00E+01;0.00E+00
0.25;0;113.52;0;;;0.25;0;5.21E+02;0.00E+00
0.5;0;0.738845;0;;;0.5;0;8.91E-01;0.00E+00
0.75;0;0.390138;0;;;0.75;0;3.28E-01;0.00E+00
1;0;0.271478;0;;;1;0;1.74E-01;0.00E+00
1.25;0;0.209982;0;;;1.25;0;1.08E-01;0.00E+00
1.5;0;0.171846;0;;;1.5;0;7.40E-02;0.00E+00
1.75;0;0.145704;0;;;1.75;0;5.39E-02;0.00E+00
2;0;0.126595;0;;;2;0;4.10E-02;0.00E+00
2.25;0;0.111986;0;;;2.25;0;3.23E-02;0.00E+00
2.5;0;0.100438;0;;;2.5;0;2.61E-02;0.00E+00
2.75;0;0.0910728;0;;;2.75;0;2.15E-02;0.00E+00
3;0;0.0833195;0;;;3;0;1.80E-02;0.00E+00
3.25;0;0.0767922;0;;;3.25;0;1.54E-02;0.00E+00
3.5;0;0.0712197;0;;;3.5;0;1.32E-02;0.00E+00
3.75;0;0.0664058;0;;;3.75;0;1.15E-02;0.00E+00
4;0;0.0622047;0;;;4;0;1.01E-02;0.00E+00
4.25;0;0.0585058;0;;;4.25;0;8.95E-03;0.00E+00
4.5;0;0.0552238;0;;;4.5;0;7.98E-03;0.00E+00
4.75;0;0.0522919;0;;;4.75;0;7.16E-03;0.00E+00
5;0;0.0496565;0;;;5;0;6.46E-03;0.00E+00
-5;0.25;0.0497517;0.00248089;;;-5;0.25;6.44E-03;5.07E-03
-4.75;0.25;0.0524028;0.00274967;;;-4.75;0.25;7.13E-03;5.62E-03
-4.5;0.25;0.0553542;0.00306466;;;-4.5;0.25;7.95E-03;6.26E-03
-4.25;0.25;0.0586603;0.00343709;;;-4.25;0.25;8.91E-03;7.02E-03
-4;0.25;0.0623896;0.00388184;;;-4;0.25;1.01E-02;7.93E-03
-3.75;0.25;0.0666299;0.00441894;;;-3.75;0.25;1.14E-02;9.03E-03
-3.5;0.25;0.0714946;0.00507588;;;-3.5;0.25;1.31E-02;1.04E-02
-3.25;0.25;0.0771344;0.0058912;;;-3.25;0.25;1.52E-02;1.20E-02
-3;0.25;0.0837527;0.00692031;;;-3;0.25;1.79E-02;1.41E-02
-2.75;0.25;0.0916324;0.00824519;;;-2.75;0.25;2.13E-02;1.68E-02
-2.5;0.25;0.101178;0.0099913;;;-2.5;0.25;2.58E-02;2.04E-02
-2.25;0.25;0.112991;0.0123586;;;-2.25;0.25;3.18E-02;2.52E-02
-2;0.25;0.128005;0.0156817;;;-2;0.25;4.03E-02;3.20E-02
-1.75;0.25;0.147763;0.0205557;;;-1.75;0.25;5.26E-02;4.20E-02
-1.5;0.25;0.175002;0.0281239;;;-1.5;0.25;7.15E-02;5.74E-02
-1.25;0.25;0.215094;0.0408165;;;-1.25;0.25;1.03E-01;8.33E-02
-1;0.25;0.280143;0.0645594;;;-1;0.25;1.60E-01;1.32E-01
-0.75;0.25;0.40315;0.116819;;;-0.75;0.25;2.79E-01;2.38E-01
-0.5;0.25;0.696168;0.260962;;;-0.5;0.25;5.70E-01;5.32E-01
-0.25;0.25;1.43312;0.567811;;;-0.25;0.25;1.23E+00;1.16E+00
0;0.25;2.01126;7.48278E-16;;;0;0.25;1.85E+00;6.04E-09
0.25;0.25;1.43312;0.567811;;;0.25;0.25;1.23E+00;1.16E+00
0.5;0.25;0.696168;0.260962;;;0.5;0.25;5.70E-01;5.32E-01
0.75;0.25;0.40315;0.116819;;;0.75;0.25;2.79E-01;2.38E-01
1;0.25;0.280143;0.0645594;;;1;0.25;1.60E-01;1.32E-01
1.25;0.25;0.215094;0.0408165;;;1.25;0.25;1.03E-01;8.33E-02
1.5;0.25;0.175002;0.0281239;;;1.5;0.25;7.15E-02;5.74E-02
1.75;0.25;0.147763;0.0205557;;;1.75;0.25;5.26E-02;4.20E-02
2;0.25;0.128005;0.0156817;;;2;0.25;4.03E-02;3.20E-02
2.25;0.25;0.112991;0.0123586;;;2.25;0.25;3.18E-02;2.52E-02
2.5;0.25;0.101178;0.0099913;;;2.5;0.25;2.58E-02;2.04E-02
2.75;0.25;0.0916324;0.00824519;;;2.75;0.25;2.13E-02;1.68E-02
3;0.25;0.0837527;0.00692031;;;3;0.25;1.79E-02;1.41E-02
3.25;0.25;0.0771344;0.0058912;;;3.25;0.25;1.52E-02;1.20E-02
3.5;0.25;0.0714946;0.00507588;;;3.5;0.25;1.31E-02;1.04E-02
3.75;0.25;0.0666299;0.00441894;;;3.75;0.25;1.14E-02;9.03E-03
4;0.25;0.0623896;0.00388184;;;4;0.25;1.01E-02;7.93E-03
4.25;0.25;0.0586603;0.00343709;;;4.25;0.25;8.91E-03;7.02E-03
4.5;0.25;0.0553542;0.00306466;;;4.5;0.25;7.95E-03;6.26E-03
4.75;0.25;0.0524028;0.00274967;;;4.75;0.25;7.13E-03;5.62E-03
5;0.25;0.0497517;0.00248089;;;5;0.25;6.44E-03;5.07E-03
-5;0.5;0.0500328;0.00491617;;;-5;0.5;6.44E-03;1.00E-02
-4.75;0.5;0.0527298;0.00544334;;;-4.75;0.5;7.14E-03;1.11E-02
-4.5;0.5;0.0557375;0.00605977;;;-4.5;0.5;7.95E-03;1.24E-02
-4.25;0.5;0.0591136;0.00678672;;;-4.25;0.5;8.92E-03;1.39E-02
-4;0.5;0.0629309;0.00765218;;;-4;0.5;1.01E-02;1.56E-02
-3.75;0.5;0.0672831;0.00869348;;;-3.75;0.5;1.15E-02;1.78E-02
-3.5;0.5;0.0722925;0.00996137;;;-3.5;0.5;1.32E-02;2.04E-02
-3.25;0.5;0.0781225;0.0115262;;;-3.25;0.5;1.53E-02;2.35E-02
-3;0.5;0.0849957;0.0134875;;;-3;0.5;1.79E-02;2.76E-02
-2.75;0.5;0.0932237;0.01599;;;-2.75;0.5;2.13E-02;3.27E-02
-2.5;0.5;0.103257;0.0192495;;;-2.5;0.5;2.58E-02;3.93E-02
-2.25;0.5;0.115771;0.0235992;;;-2.25;0.5;3.19E-02;4.82E-02
-2;0.5;0.131825;0.029572;;;-2;0.5;4.03E-02;6.04E-02
-1.75;0.5;0.153167;0.0380569;;;-1.75;0.5;5.27E-02;7.77E-02
-1.5;0.5;0.18288;0.0506031;;;-1.5;0.5;7.15E-02;1.03E-01
-1.25;0.5;0.226816;0.0700205;;;-1.25;0.5;1.02E-01;1.43E-01
-1;0.5;0.297018;0.101441;;;-1;0.5;1.57E-01;2.07E-01
-0.75;0.5;0.419573;0.152824;;;-0.75;0.5;2.66E-01;3.12E-01
-0.5;0.5;0.644087;0.222538;;;-0.5;0.5;4.95E-01;4.54E-01
-0.25;0.5;0.98399;0.224053;;;-0.25;0.5;9.00E-01;4.58E-01
0;0.5;1.18565;3.47494E-16;;;0;0.5;1.17E+00;1.60E-09
0.25;0.5;0.98399;0.224053;;;0.25;0.5;9.00E-01;4.58E-01
0.5;0.5;0.644087;0.222538;;;0.5;0.5;4.95E-01;4.54E-01
0.75;0.5;0.419573;0.152824;;;0.75;0.5;2.66E-01;3.12E-01
1;0.5;0.297018;0.101441;;;1;0.5;1.57E-01;2.07E-01
1.25;0.5;0.226816;0.0700205;;;1.25;0.5;1.02E-01;1.43E-01
1.5;0.5;0.18288;0.0506031;;;1.5;0.5;7.15E-02;1.03E-01
1.75;0.5;0.153167;0.0380569;;;1.75;0.5;5.27E-02;7.77E-02
2;0.5;0.131825;0.029572;;;2;0.5;4.03E-02;6.04E-02
2.25;0.5;0.115771;0.0235992;;;2.25;0.5;3.19E-02;4.82E-02
2.5;0.5;0.103257;0.0192495;;;2.5;0.5;2.58E-02;3.93E-02
2.75;0.5;0.0932237;0.01599;;;2.75;0.5;2.13E-02;3.27E-02
3;0.5;0.0849957;0.0134875;;;3;0.5;1.79E-02;2.76E-02
3.25;0.5;0.0781225;0.0115262;;;3.25;0.5;1.53E-02;2.35E-02
3.5;0.5;0.0722925;0.00996137;;;3.5;0.5;1.32E-02;2.04E-02
3.75;0.5;0.0672831;0.00869348;;;3.75;0.5;1.15E-02;1.78E-02
4;0.5;0.0629309;0.00765218;;;4;0.5;1.01E-02;1.56E-02
4.25;0.5;0.0591136;0.00678672;;;4.25;0.5;8.92E-03;1.39E-02
4.5;0.5;0.0557375;0.00605977;;;4.5;0.5;7.95E-03;1.24E-02
4.75;0.5;0.0527298;0.00544334;;;4.75;0.5;7.14E-03;1.11E-02
5;0.5;0.0500328;0.00491617;;;5;0.5;6.44E-03;1.00E-02
-5;0.75;0.0504866;0.0072625;;;-5;0.75;6.63E-03;1.48E-02
-4.75;0.75;0.0532557;0.00802805;;;-4.75;0.75;7.37E-03;1.64E-02
-4.5;0.75;0.0563516;0.00892001;;;-4.5;0.75;8.24E-03;1.82E-02
-4.25;0.75;0.0598362;0.00996744;;;-4.25;0.75;9.28E-03;2.04E-02
-4;0.75;0.0637888;0.0112081;;;-4;0.75;1.05E-02;2.29E-02
-3.75;0.75;0.0683113;0.0126919;;;-3.75;0.75;1.20E-02;2.59E-02
-3.5;0.75;0.073538;0.0144852;;;-3.5;0.75;1.39E-02;2.96E-02
-3.25;0.75;0.0796487;0.0166786;;;-3.25;0.75;1.62E-02;3.41E-02
-3;0.75;0.0868898;0.0193966;;;-3;0.75;1.92E-02;3.96E-02
-2.75;0.75;0.0956073;0.0228148;;;-2.75;0.75;2.31E-02;4.66E-02
-2.5;0.75;0.106301;0.0271842;;;-2.5;0.75;2.83E-02;5.55E-02
-2.25;0.75;0.119719;0.0328706;;;-2.25;0.75;3.55E-02;6.71E-02
-2;0.75;0.137015;0.0404153;;;-2;0.75;4.57E-02;8.25E-02
-1.75;0.75;0.160048;0.0506222;;;-1.75;0.75;6.07E-02;1.03E-01
-1.5;0.75;0.191927;0.0646592;;;-1.5;0.75;8.41E-02;1.32E-01
-1.25;0.75;0.238011;0.0840553;;;-1.25;0.75;1.22E-01;1.72E-01
-1;0.75;0.307488;0.110028;;;-1;0.75;1.87E-01;2.25E-01
-0.75;0.75;0.414321;0.140043;;;-0.75;0.75;3.01E-01;2.86E-01
-0.5;0.75;0.569228;0.156974;;;-0.5;0.75;4.86E-01;3.21E-01
-0.25;0.75;0.742167;0.117783;;;-0.25;0.75;7.13E-01;2.41E-01
0;0.75;0.825602;1.17043E-16;;;0;0.75;8.29E-01;7.21E-10
0.25;0.75;0.742167;0.117783;;;0.25;0.75;7.13E-01;2.41E-01
0.5;0.75;0.569228;0.156974;;;0.5;0.75;4.86E-01;3.21E-01
0.75;0.75;0.414321;0.140043;;;0.75;0.75;3.01E-01;2.86E-01
1;0.75;0.307488;0.110028;;;1;0.75;1.87E-01;2.25E-01
1.25;0.75;0.238011;0.0840553;;;1.25;0.75;1.22E-01;1.72E-01
1.5;0.75;0.191927;0.0646592;;;1.5;0.75;8.41E-02;1.32E-01
1.75;0.75;0.160048;0.0506222;;;1.75;0.75;6.07E-02;1.03E-01
2;0.75;0.137015;0.0404153;;;2;0.75;4.57E-02;8.25E-02
2.25;0.75;0.119719;0.0328706;;;2.25;0.75;3.55E-02;6.71E-02
2.5;0.75;0.106301;0.0271842;;;2.5;0.75;2.83E-02;5.55E-02
2.75;0.75;0.0956073;0.0228148;;;2.75;0.75;2.31E-02;4.66E-02
3;0.75;0.0868898;0.0193966;;;3;0.75;1.92E-02;3.96E-02
3.25;0.75;0.0796487;0.0166786;;;3.25;0.75;1.62E-02;3.41E-02
3.5;0.75;0.073538;0.0144852;;;3.5;0.75;1.39E-02;2.96E-02
3.75;0.75;0.0683113;0.0126919;;;3.75;0.75;1.20E-02;2.59E-02
4;0.75;0.0637888;0.0112081;;;4;0.75;1.05E-02;2.29E-02
4.25;0.75;0.0598362;0.00996744;;;4.25;0.75;9.28E-03;2.04E-02
4.5;0.75;0.0563516;0.00892001;;;4.5;0.75;8.24E-03;1.82E-02
4.75;0.75;0.0532557;0.00802805;;;4.75;0.75;7.37E-03;1.64E-02
5;0.75;0.0504866;0.0072625;;;5;0.75;6.63E-03;1.48E-02
-5;1;0.0510921;0.00948082;;;-5;1;7.22E-03;1.94E-02
-4.75;1;0.0539539;0.0104567;;;-4.75;1;8.08E-03;2.14E-02
-4.5;1;0.0571618;0.0115881;;;-4.5;1;9.11E-03;2.37E-02
-4.25;1;0.0607829;0.0129089;;;-4.25;1;1.03E-02;2.64E-02
-4;1;0.0649029;0.0144627;;;-4;1;1.18E-02;2.95E-02
-3.75;1;0.0696328;0.0163056;;;-3.75;1;1.37E-02;3.33E-02
-3.5;1;0.0751183;0.0185109;;;-3.5;1;1.60E-02;3.78E-02
-3.25;1;0.0815547;0.0211751;;;-3.25;1;1.89E-02;4.33E-02
-3;1;0.0892083;0.0244267;;;-3;1;2.27E-02;4.99E-02
-2.75;1;0.0984502;0.0284377;;;-2.75;1;2.77E-02;5.81E-02
-2.5;1;0.10981;0.0334391;;;-2.5;1;3.44E-02;6.83E-02
-2.25;1;0.124058;0.0397389;;;-2.25;1;4.36E-02;8.12E-02
-2;1;0.142346;0.0477368;;;-2;1;5.68E-02;9.75E-02
-1.75;1;0.166421;0.0579134;;;-1.75;1;7.60E-02;1.18E-01
-1.5;1;0.198946;0.0707249;;;-1.5;1;1.05E-01;1.44E-01
-1.25;1;0.243869;0.0862131;;;-1.25;1;1.49E-01;1.76E-01
-1;1;0.30641;0.102878;;;-1;1;2.17E-01;2.10E-01
-0.75;1;0.391053;0.115141;;;-0.75;1;3.18E-01;2.35E-01
-0.5;1;0.493916;0.110153;;;-0.5;1;4.50E-01;2.25E-01
-0.25;1;0.589123;0.0714682;;;-0.25;1;5.80E-01;1.46E-01
0;1;0.629754;8.07425E-17;;;0;1;6.37E-01;4.08E-10
0.25;1;0.589123;0.0714682;;;0.25;1;5.80E-01;1.46E-01
0.5;1;0.493916;0.110153;;;0.5;1;4.50E-01;2.25E-01
0.75;1;0.391053;0.115141;;;0.75;1;3.18E-01;2.35E-01
1;1;0.30641;0.102878;;;1;1;2.17E-01;2.10E-01
1.25;1;0.243869;0.0862131;;;1.25;1;1.49E-01;1.76E-01
1.5;1;0.198946;0.0707249;;;1.5;1;1.05E-01;1.44E-01
1.75;1;0.166421;0.0579134;;;1.75;1;7.60E-02;1.18E-01
2;1;0.142346;0.0477368;;;2;1;5.68E-02;9.75E-02
2.25;1;0.124058;0.0397389;;;2.25;1;4.36E-02;8.12E-02
2.5;1;0.10981;0.0334391;;;2.5;1;3.44E-02;6.83E-02
2.75;1;0.0984502;0.0284377;;;2.75;1;2.77E-02;5.81E-02
3;1;0.0892083;0.0244267;;;3;1;2.27E-02;4.99E-02
3.25;1;0.0815547;0.0211751;;;3.25;1;1.89E-02;4.33E-02
3.5;1;0.0751183;0.0185109;;;3.5;1;1.60E-02;3.78E-02
3.75;1;0.0696328;0.0163056;;;3.75;1;1.37E-02;3.33E-02
4;1;0.0649029;0.0144627;;;4;1;1.18E-02;2.95E-02
4.25;1;0.0607829;0.0129089;;;4.25;1;1.03E-02;2.64E-02
4.5;1;0.0571618;0.0115881;;;4.5;1;9.11E-03;2.37E-02
4.75;1;0.0539539;0.0104567;;;4.75;1;8.08E-03;2.14E-02
5;1;0.0510921;0.00948082;;;5;1;7.22E-03;1.94E-02
-5;1.25;0.0518224;0.0115381;;;-5;1.25;8.35E-03;2.36E-02
-4.75;1.25;0.0547902;0.0126902;;;-4.75;1.25;9.42E-03;2.59E-02
-4.5;1.25;0.0581243;0.0140175;;;-4.5;1.25;1.07E-02;2.86E-02
-4.25;1.25;0.0618967;0.015556;;;-4.25;1.25;1.23E-02;3.18E-02
-4;1.25;0.0661988;0.0173502;;;-4;1.25;1.42E-02;3.54E-02
-3.75;1.25;0.0711486;0.0194564;;;-3.75;1.25;1.65E-02;3.97E-02
-3.5;1.25;0.0769003;0.0219458;;;-3.5;1.25;1.95E-02;4.48E-02
-3.25;1.25;0.0836586;0.0249082;;;-3.25;1.25;2.32E-02;5.09E-02
-3;1.25;0.0916991;0.028457;;;-3;1.25;2.81E-02;5.81E-02
-2.75;1.25;0.101398;0.0327334;;;-2.75;1.25;3.45E-02;6.69E-02
-2.5;1.25;0.113279;0.0379093;;;-2.5;1.25;4.30E-02;7.74E-02
-2.25;1.25;0.128073;0.0441813;;;-2.25;1.25;5.45E-02;9.02E-02
-2;1.25;0.146811;0.0517444;;;-2;1.25;7.05E-02;1.06E-01
-1.75;1.25;0.170932;0.0607126;;;-1.75;1.25;9.30E-02;1.24E-01
-1.5;1.25;0.202369;0.0709237;;;-1.5;1.25;1.25E-01;1.45E-01
-1.25;1.25;0.243461;0.0815094;;;-1.25;1.25;1.70E-01;1.66E-01
-1;1.25;0.296256;0.0901049;;;-1;1.25;2.33E-01;1.84E-01
-0.75;1.25;0.360414;0.0918583;;;-0.75;1.25;3.14E-01;1.88E-01
-0.5;1.25;0.429116;0.079542;;;-0.5;1.25;4.05E-01;1.62E-01
-0.25;1.25;0.485568;0.047585;;;-0.25;1.25;4.84E-01;9.71E-02
0;1.25;0.507952;6.25577E-17;;;0;1.25;5.15E-01;2.62E-10
0.25;1.25;0.485568;0.047585;;;0.25;1.25;4.84E-01;9.71E-02
0.5;1.25;0.429116;0.079542;;;0.5;1.25;4.05E-01;1.62E-01
0.75;1.25;0.360414;0.0918583;;;0.75;1.25;3.14E-01;1.88E-01
1;1.25;0.296256;0.0901049;;;1;1.25;2.33E-01;1.84E-01
1.25;1.25;0.243461;0.0815094;;;1.25;1.25;1.70E-01;1.66E-01
1.5;1.25;0.202369;0.0709237;;;1.5;1.25;1.25E-01;1.45E-01
1.75;1.25;0.170932;0.0607126;;;1.75;1.25;9.30E-02;1.24E-01
2;1.25;0.146811;0.0517444;;;2;1.25;7.05E-02;1.06E-01
2.25;1.25;0.128073;0.0441813;;;2.25;1.25;5.45E-02;9.02E-02
2.5;1.25;0.113279;0.0379093;;;2.5;1.25;4.30E-02;7.74E-02
2.75;1.25;0.101398;0.0327334;;;2.75;1.25;3.45E-02;6.69E-02
3;1.25;0.0916991;0.028457;;;3;1.25;2.81E-02;5.81E-02
3.25;1.25;0.0836586;0.0249082;;;3.25;1.25;2.32E-02;5.09E-02
3.5;1.25;0.0769003;0.0219458;;;3.5;1.25;1.95E-02;4.48E-02
3.75;1.25;0.0711486;0.0194564;;;3.75;1.25;1.65E-02;3.97E-02
4;1.25;0.0661988;0.0173502;;;4;1.25;1.42E-02;3.54E-02
4.25;1.25;0.0618967;0.015556;;;4.25;1.25;1.23E-02;3.18E-02
4.5;1.25;0.0581243;0.0140175;;;4.5;1.25;1.07E-02;2.86E-02
4.75;1.25;0.0547902;0.0126902;;;4.75;1.25;9.42E-03;2.59E-02
5;1.25;0.0518224;0.0115381;;;5;1.25;8.35E-03;2.36E-02
-5;1.5;0.0526464;0.0134082;;;-5;1.5;1.00E-02;2.74E-02
-4.75;1.5;0.0557256;0.0146987;;;-4.75;1.5;1.13E-02;3.00E-02
-4.5;1.5;0.0591901;0.0161746;;;-4.5;1.5;1.30E-02;3.30E-02
-4.25;1.5;0.0631151;0.0178704;;;-4.25;1.5;1.49E-02;3.65E-02
-4;1.5;0.0675959;0.0198281;;;-4;1.5;1.73E-02;4.05E-02
-3.75;1.5;0.0727543;0.0220988;;;-3.75;1.5;2.03E-02;4.51E-02
-3.5;1.5;0.0787475;0.024744;;;-3.5;1.5;2.40E-02;5.05E-02
-3.25;1.5;0.0857809;0.027837;;;-3.25;1.5;2.87E-02;5.69E-02
-3;1.5;0.0941251;0.0314634;;;-3;1.5;3.46E-02;6.43E-02
-2.75;1.5;0.104139;0.0357181;;;-2.75;1.5;4.24E-02;7.30E-02
-2.5;1.5;0.116303;0.0406964;;;-2.5;1.5;5.25E-02;8.31E-02
-2.25;1.5;0.131252;0.046472;;;-2.25;1.5;6.59E-02;9.49E-02
-2;1.5;0.149817;0.053047;;;-2;1.5;8.38E-02;1.08E-01
-1.75;1.5;0.173042;0.0602528;;;-1.75;1.5;1.08E-01;1.23E-01
-1.5;1.5;0.202111;0.0675659;;;-1.5;1.5;1.40E-01;1.38E-01
-1.25;1.5;0.238067;0.0738099;;;-1.25;1.5;1.83E-01;1.51E-01
-1;1.5;0.281085;0.0767949;;;-1;1.5;2.36E-01;1.57E-01
-0.75;1.5;0.329084;0.0731938;;;-0.75;1.5;2.99E-01;1.49E-01
-0.5;1.5;0.376047;0.0593715;;;-0.5;1.5;3.63E-01;1.21E-01
-0.25;1.5;0.411728;0.0338128;;;-0.25;1.5;4.13E-01;6.90E-02
0;1.5;0.425237;6.96447E-17;;;0;1.5;4.32E-01;1.82E-10
0.25;1.5;0.411728;0.0338128;;;0.25;1.5;4.13E-01;6.90E-02
0.5;1.5;0.376047;0.0593715;;;0.5;1.5;3.63E-01;1.21E-01
0.75;1.5;0.329084;0.0731938;;;0.75;1.5;2.99E-01;1.49E-01
1;1.5;0.281085;0.0767949;;;1;1.5;2.36E-01;1.57E-01
1.25;1.5;0.238067;0.0738099;;;1.25;1.5;1.83E-01;1.51E-01
1.5;1.5;0.202111;0.0675659;;;1.5;1.5;1.40E-01;1.38E-01
1.75;1.5;0.173042;0.0602528;;;1.75;1.5;1.08E-01;1.23E-01
2;1.5;0.149817;0.053047;;;2;1.5;8.38E-02;1.08E-01
2.25;1.5;0.131252;0.046472;;;2.25;1.5;6.59E-02;9.49E-02
2.5;1.5;0.116303;0.0406964;;;2.5;1.5;5.25E-02;8.31E-02
2.75;1.5;0.104139;0.0357181;;;2.75;1.5;4.24E-02;7.30E-02
3;1.5;0.0941251;0.0314634;;;3;1.5;3.46E-02;6.43E-02
3.25;1.5;0.0857809;0.027837;;;3.25;1.5;2.87E-02;5.69E-02
3.5;1.5;0.0787475;0.024744;;;3.5;1.5;2.40E-02;5.05E-02
3.75;1.5;0.0727543;0.0220988;;;3.75;1.5;2.03E-02;4.51E-02
4;1.5;0.0675959;0.0198281;;;4;1.5;1.73E-02;4.05E-02
4.25;1.5;0.0631151;0.0178704;;;4.25;1.5;1.49E-02;3.65E-02
4.5;1.5;0.0591901;0.0161746;;;4.5;1.5;1.30E-02;3.30E-02
4.75;1.5;0.0557256;0.0146987;;;4.75;1.5;1.13E-02;3.00E-02
5;1.5;0.0526464;0.0134082;;;5;1.5;1.00E-02;2.74E-02
-5;1.75;0.0535311;0.015073;;;-5;1.75;1.21E-02;3.08E-02
-4.75;1.75;0.0567194;0.0164626;;;-4.75;1.75;1.37E-02;3.36E-02
-4.5;1.75;0.0603085;0.0180385;;;-4.5;1.75;1.57E-02;3.69E-02
-4.25;1.75;0.0643751;0.0198315;;;-4.25;1.75;1.81E-02;4.05E-02
-4;1.75;0.0690154;0.0218777;;;-4;1.75;2.11E-02;4.47E-02
-3.75;1.75;0.0743507;0.0242188;;;-3.75;1.75;2.46E-02;4.95E-02
-3.5;1.75;0.0805351;0.026902;;;-3.5;1.75;2.91E-02;5.50E-02
-3.25;1.75;0.0877652;0.0299785;;;-3.25;1.75;3.46E-02;6.12E-02
-3;1.75;0.0962929;0.0335002;;;-3;1.75;4.16E-02;6.84E-02
-2.75;1.75;0.10644;0.0375116;;;-2.75;1.75;5.04E-02;7.66E-02
-2.5;1.75;0.118616;0.0420337;;;-2.5;1.75;6.18E-02;8.58E-02
-2.25;1.75;0.133327;0.0470346;;;-2.25;1.75;7.63E-02;9.60E-02
-2;1.75;0.15118;0.0523764;;;-2;1.75;9.51E-02;1.07E-01
-1.75;1.75;0.172831;0.0577281;;;-1.75;1.75;1.19E-01;1.18E-01
-1.5;1.75;0.198862;0.062438;;;-1.5;1.75;1.50E-01;1.27E-01
-1.25;1.75;0.229477;0.0653828;;;-1.25;1.75;1.88E-01;1.33E-01
-1;1.75;0.263969;0.0648818;;;-1;1.75;2.32E-01;1.32E-01
-0.75;1.75;0.299988;0.058882;;;-0.75;1.75;2.81E-01;1.20E-01
-0.5;1.75;0.333005;0.0456834;;;-0.5;1.75;3.26E-01;9.32E-02
-0.25;1.75;0.356784;0.0252032;;;-0.25;1.75;3.59E-01;5.14E-02
0;1.75;0.365517;3.72109E-17;;;0;1.75;3.72E-01;1.34E-10
0.25;1.75;0.356784;0.0252032;;;0.25;1.75;3.59E-01;5.14E-02
0.5;1.75;0.333005;0.0456834;;;0.5;1.75;3.26E-01;9.32E-02
0.75;1.75;0.299988;0.058882;;;0.75;1.75;2.81E-01;1.20E-01
1;1.75;0.263969;0.0648818;;;1;1.75;2.32E-01;1.32E-01
1.25;1.75;0.229477;0.0653828;;;1.25;1.75;1.88E-01;1.33E-01
1.5;1.75;0.198862;0.062438;;;1.5;1.75;1.50E-01;1.27E-01
1.75;1.75;0.172831;0.0577281;;;1.75;1.75;1.19E-01;1.18E-01
2;1.75;0.15118;0.0523764;;;2;1.75;9.51E-02;1.07E-01
2.25;1.75;0.133327;0.0470346;;;2.25;1.75;7.63E-02;9.60E-02
2.5;1.75;0.118616;0.0420337;;;2.5;1.75;6.18E-02;8.58E-02
2.75;1.75;0.10644;0.0375116;;;2.75;1.75;5.04E-02;7.66E-02
3;1.75;0.0962929;0.0335002;;;3;1.75;4.16E-02;6.84E-02
3.25;1.75;0.0877652;0.0299785;;;3.25;1.75;3.46E-02;6.12E-02
3.5;1.75;0.0805351;0.026902;;;3.5;1.75;2.91E-02;5.50E-02
3.75;1.75;0.0743507;0.0242188;;;3.75;1.75;2.46E-02;4.95E-02
4;1.75;0.0690154;0.0218777;;;4;1.75;2.11E-02;4.47E-02
4.25;1.75;0.0643751;0.0198315;;;4.25;1.75;1.81E-02;4.05E-02
4.5;1.75;0.0603085;0.0180385;;;4.5;1.75;1.57E-02;3.69E-02
4.75;1.75;0.0567194;0.0164626;;;4.75;1.75;1.37E-02;3.36E-02
5;1.75;0.0535311;0.015073;;;5;1.75;1.21E-02;3.08E-02
-5;2;0.0544434;0.0165217;;;-5;2;1.45E-02;3.38E-02
-4.75;2;0.0577316;0.017972;;;-4.75;2;1.65E-02;3.67E-02
-4.5;2;0.061431;0.0196013;;;-4.5;2;1.88E-02;4.00E-02
-4.25;2;0.0656176;0.0214349;;;-4.25;2;2.17E-02;4.38E-02
-4;2;0.0703856;0.0235009;;;-4;2;2.51E-02;4.80E-02
-3.75;2;0.0758515;0.0258295;;;-3.75;2;2.92E-02;5.28E-02
-3.5;2;0.0821601;0.028451;;;-3.5;2;3.43E-02;5.81E-02
-3.25;2;0.0894912;0.0313932;;;-3.25;2;4.06E-02;6.41E-02
-3;2;0.0980672;0.0346745;;;-3;2;4.84E-02;7.08E-02
-2.75;2;0.10816;0.0382937;;;-2.75;2;5.80E-02;7.82E-02
-2.5;2;0.120093;0.0422117;;;-2.5;2;7.01E-02;8.62E-02
-2.25;2;0.13424;0.046322;;;-2.25;2;8.51E-02;9.46E-02
-2;2;0.150993;0.0504065;;;-2;2;1.04E-01;1.03E-01
-1.75;2;0.170697;0.0540748;;;-1.75;2;1.27E-01;1.10E-01
-1.5;2;0.193516;0.0566939;;;-1.5;2;1.55E-01;1.16E-01
-1.25;2;0.219194;0.0573397;;;-1.25;2;1.88E-01;1.17E-01
-1;2;0.246731;0.0548378;;;-1;2;2.24E-01;1.12E-01
-0.75;2;0.274049;0.0479945;;;-0.75;2;2.61E-01;9.80E-02
-0.5;2;0.297916;0.036086;;;-0.5;2;2.94E-01;7.37E-02
-0.25;2;0.314469;0.019483;;;-0.25;2;3.18E-01;3.98E-02
0;2;0.320421;4.43041E-17;;;0;2;3.26E-01;1.03E-10
0.25;2;0.314469;0.019483;;;0.25;2;3.18E-01;3.98E-02
0.5;2;0.297916;0.036086;;;0.5;2;2.94E-01;7.37E-02
0.75;2;0.274049;0.0479945;;;0.75;2;2.61E-01;9.80E-02
1;2;0.246731;0.0548378;;;1;2;2.24E-01;1.12E-01
1.25;2;0.219194;0.0573397;;;1.25;2;1.88E-01;1.17E-01
1.5;2;0.193516;0.0566939;;;1.5;2;1.55E-01;1.16E-01
1.75;2;0.170697;0.0540748;;;1.75;2;1.27E-01;1.10E-01
2;2;0.150993;0.0504065;;;2;2;1.04E-01;1.03E-01
2.25;2;0.13424;0.046322;;;2.25;2;8.51E-02;9.46E-02
2.5;2;0.120093;0.0422117;;;2.5;2;7.01E-02;8.62E-02
2.75;2;0.10816;0.0382937;;;2.75;2;5.80E-02;7.82E-02
3;2;0.0980672;0.0346745;;;3;2;4.84E-02;7.08E-02
3.25;2;0.0894912;0.0313932;;;3.25;2;4.06E-02;6.41E-02
3.5;2;0.0821601;0.028451;;;3.5;2;3.43E-02;5.81E-02
3.75;2;0.0758515;0.0258295;;;3.75;2;2.92E-02;5.28E-02
4;2;0.0703856;0.0235009;;;4;2;2.51E-02;4.80E-02
4.25;2;0.0656176;0.0214349;;;4.25;2;2.17E-02;4.38E-02
4.5;2;0.061431;0.0196013;;;4.5;2;1.88E-02;4.00E-02
4.75;2;0.0577316;0.017972;;;4.75;2;1.65E-02;3.67E-02
5;2;0.0544434;0.0165217;;;5;2;1.45E-02;3.38E-02
-5;2.25;0.0553521;0.0177511;;;-5;2.25;1.70E-02;3.63E-02
-4.75;2.25;0.0587253;0.019226;;;-4.75;2.25;1.94E-02;3.93E-02
-4.5;2.25;0.0625139;0.0208661;;;-4.5;2.25;2.21E-02;4.26E-02
-4.25;2.25;0.0667914;0.02269;;;-4.25;2.25;2.53E-02;4.63E-02
-4;2.25;0.0716468;0.024717;;;-4;2.25;2.92E-02;5.05E-02
-3.75;2.25;0.0771883;0.0269646;;;-3.75;2.25;3.38E-02;5.51E-02
-3.5;2.25;0.0835465;0.0294469;;;-3.5;2.25;3.95E-02;6.01E-02
-3.25;2.25;0.0908786;0.0321692;;;-3.25;2.25;4.63E-02;6.57E-02
-3;2.25;0.0993708;0.0351213;;;-3;2.25;5.46E-02;7.17E-02
-2.75;2.25;0.109239;0.038266;;;-2.75;2.25;6.47E-02;7.81E-02
-2.5;2.25;0.120723;0.0415224;;;-2.5;2.25;7.71E-02;8.48E-02
-2.25;2.25;0.134071;0.0447413;;;-2.25;2.25;9.20E-02;9.14E-02
-2;2.25;0.1495;0.0476745;;;-2;2.25;1.10E-01;9.73E-02
-1.75;2.25;0.167131;0.049939;;;-1.75;2.25;1.32E-01;1.02E-01
-1.5;2.25;0.186873;0.0509898;;;-1.5;2.25;1.57E-01;1.04E-01
-1.25;2.25;0.208268;0.0501261;;;-1.25;2.25;1.84E-01;1.02E-01
-1;2.25;0.230305;0.0465706;;;-1;2.25;2.14E-01;9.51E-02
-0.75;2.25;0.251308;0.0396607;;;-0.75;2.25;2.43E-01;8.09E-02
-0.5;2.25;0.26901;0.0291475;;;-0.5;2.25;2.68E-01;5.95E-02
-0.25;2.25;0.280954;0.0154981;;;-0.25;2.25;2.84E-01;3.16E-02
0;2.25;0.285186;3.70298E-17;;;0;2.25;2.90E-01;8.11E-11
0.25;2.25;0.280954;0.0154981;;;0.25;2.25;2.84E-01;3.16E-02
0.5;2.25;0.26901;0.0291475;;;0.5;2.25;2.68E-01;5.95E-02
0.75;2.25;0.251308;0.0396607;;;0.75;2.25;2.43E-01;8.09E-02
1;2.25;0.230305;0.0465706;;;1;2.25;2.14E-01;9.51E-02
1.25;2.25;0.208268;0.0501261;;;1.25;2.25;1.84E-01;1.02E-01
1.5;2.25;0.186873;0.0509898;;;1.5;2.25;1.57E-01;1.04E-01
1.75;2.25;0.167131;0.049939;;;1.75;2.25;1.32E-01;1.02E-01
2;2.25;0.1495;0.0476745;;;2;2.25;1.10E-01;9.73E-02
2.25;2.25;0.134071;0.0447413;;;2.25;2.25;9.20E-02;9.14E-02
2.5;2.25;0.120723;0.0415224;;;2.5;2.25;7.71E-02;8.48E-02
2.75;2.25;0.109239;0.038266;;;2.75;2.25;6.47E-02;7.81E-02
3;2.25;0.0993708;0.0351213;;;3;2.25;5.46E-02;7.17E-02
3.25;2.25;0.0908786;0.0321692;;;3.25;2.25;4.63E-02;6.57E-02
3.5;2.25;0.0835465;0.0294469;;;3.5;2.25;3.95E-02;6.01E-02
3.75;2.25;0.0771883;0.0269646;;;3.75;2.25;3.38E-02;5.51E-02
4;2.25;0.0716468;0.024717;;;4;2.25;2.92E-02;5.05E-02
4.25;2.25;0.0667914;0.02269;;;4.25;2.25;2.53E-02;4.63E-02
4.5;2.25;0.0625139;0.0208661;;;4.5;2.25;2.21E-02;4.26E-02
4.75;2.25;0.0587253;0.019226;;;4.75;2.25;1.94E-02;3.93E-02
5;2.25;0.0553521;0.0177511;;;5;2.25;1.70E-02;3.63E-02
-5;2.5;0.0562292;0.0187641;;;-5;2.5;1.97E-02;3.83E-02
-4.75;2.5;0.059668;0.0202315;;;-4.75;2.5;2.23E-02;4.13E-02
-4.5;2.5;0.0635203;0.0218453;;;-4.5;2.5;2.54E-02;4.46E-02
-4.25;2.5;0.0678549;0.0236173;;;-4.25;2.5;2.90E-02;4.82E-02
-4;2.5;0.0727534;0.0255575;;;-4;2.5;3.32E-02;5.22E-02
-3.75;2.5;0.0783126;0.0276721;;;-3.75;2.5;3.83E-02;5.65E-02
-3.5;2.5;0.0846459;0.0299599;;;-3.5;2.5;4.43E-02;6.12E-02
-3.25;2.5;0.0918847;0.0324076;;;-3.25;2.5;5.15E-02;6.62E-02
-3;2.5;0.100177;0.0349829;;;-3;2.5;6.01E-02;7.14E-02
-2.75;2.5;0.109684;0.0376239;;;-2.75;2.5;7.04E-02;7.68E-02
-2.5;2.5;0.12057;0.0402256;;;-2.5;2.5;8.26E-02;8.21E-02
-2.25;2.5;0.132976;0.0426224;;;-2.25;2.5;9.72E-02;8.70E-02
-2;2.5;0.146993;0.0445693;;;-2;2.5;1.14E-01;9.10E-02
-1.75;2.5;0.162592;0.0457261;;;-1.75;2.5;1.34E-01;9.33E-02
-1.5;2.5;0.17955;0.0456553;;;-1.5;2.5;1.56E-01;9.32E-02
-1.25;2.5;0.19735;0.0438512;;;-1.25;2.5;1.79E-01;8.95E-02
-1;2.5;0.215093;0.0398179;;;-1;2.5;2.03E-01;8.13E-02
-0.75;2.5;0.231478;0.0332069;;;-0.75;2.5;2.26E-01;6.78E-02
-0.5;2.5;0.244913;0.0239923;;;-0.5;2.5;2.45E-01;4.90E-02
-0.25;2.5;0.253795;0.0126151;;;-0.25;2.5;2.57E-01;2.57E-02
0;2.5;0.256907;8.03517E-18;;;0;2.5;2.62E-01;6.57E-11
0.25;2.5;0.253795;0.0126151;;;0.25;2.5;2.57E-01;2.57E-02
0.5;2.5;0.244913;0.0239923;;;0.5;2.5;2.45E-01;4.90E-02
0.75;2.5;0.231478;0.0332069;;;0.75;2.5;2.26E-01;6.78E-02
1;2.5;0.215093;0.0398179;;;1;2.5;2.03E-01;8.13E-02
1.25;2.5;0.19735;0.0438512;;;1.25;2.5;1.79E-01;8.95E-02
1.5;2.5;0.17955;0.0456553;;;1.5;2.5;1.56E-01;9.32E-02
1.75;2.5;0.162592;0.0457261;;;1.75;2.5;1.34E-01;9.33E-02
2;2.5;0.146993;0.0445693;;;2;2.5;1.14E-01;9.10E-02
2.25;2.5;0.132976;0.0426224;;;2.25;2.5;9.72E-02;8.70E-02
2.5;2.5;0.12057;0.0402256;;;2.5;2.5;8.26E-02;8.21E-02
2.75;2.5;0.109684;0.0376239;;;2.75;2.5;7.04E-02;7.68E-02
3;2.5;0.100177;0.0349829;;;3;2.5;6.01E-02;7.14E-02
3.25;2.5;0.0918847;0.0324076;;;3.25;2.5;5.15E-02;6.62E-02
3.5;2.5;0.0846459;0.0299599;;;3.5;2.5;4.43E-02;6.12E-02
3.75;2.5;0.0783126;0.0276721;;;3.75;2.5;3.83E-02;5.65E-02
4;2.5;0.0727534;0.0255575;;;4;2.5;3.32E-02;5.22E-02
4.25;2.5;0.0678549;0.0236173;;;4.25;2.5;2.90E-02;4.82E-02
4.5;2.5;0.0635203;0.0218453;;;4.5;2.5;2.54E-02;4.46E-02
4.75;2.5;0.059668;0.0202315;;;4.75;2.5;2.23E-02;4.13E-02
5;2.5;0.0562292;0.0187641;;;5;2.5;1.97E-02;3.83E-02
-5;2.75;0.0570504;0.0195691;;;-5;2.75;2.24E-02;4.00E-02
-4.75;2.75;0.0605331;0.0210014;;;-4.75;2.75;2.53E-02;4.29E-02
-4.5;2.75;0.0644211;0.0225582;;;-4.5;2.75;2.86E-02;4.61E-02
-4.25;2.75;0.0687771;0.0242447;;;-4.25;2.75;3.25E-02;4.95E-02
-4;2.75;0.0736738;0.0260625;;;-4;2.75;3.70E-02;5.32E-02
-3.75;2.75;0.0791948;0.0280075;;;-3.75;2.75;4.24E-02;5.72E-02
-3.5;2.75;0.0854348;0.030066;;;-3.5;2.75;4.87E-02;6.14E-02
-3.25;2.75;0.0924986;0.0322109;;;-3.25;2.75;5.61E-02;6.58E-02
-3;2.75;0.100498;0.0343944;;;-3;2.75;6.48E-02;7.02E-02
-2.75;2.75;0.109544;0.0365406;;;-2.75;2.75;7.50E-02;7.46E-02
-2.5;2.75;0.119737;0.0385348;;;-2.5;2.75;8.69E-02;7.87E-02
-2.25;2.75;0.131139;0.040213;;;-2.25;2.75;1.01E-01;8.21E-02
-2;2.75;0.14375;0.0413527;;;-2;2.75;1.16E-01;8.44E-02
-1.75;2.75;0.157456;0.0416691;;;-1.75;2.75;1.34E-01;8.51E-02
-1.5;2.75;0.171978;0.0408268;;;-1.5;2.75;1.53E-01;8.33E-02
-1.25;2.75;0.186816;0.0384725;;;-1.25;2.75;1.73E-01;7.85E-02
-1;2.75;0.201214;0.0342998;;;-1;2.75;1.93E-01;7.00E-02
-0.75;2.75;0.214181;0.0281413;;;-0.75;2.75;2.11E-01;5.74E-02
-0.5;2.75;0.224588;0.0200695;;;-0.5;2.75;2.25E-01;4.10E-02
-0.25;2.75;0.231361;0.0104641;;;-0.25;2.75;2.35E-01;2.14E-02
0;2.75;0.233715;1.88137E-17;;;0;2.75;2.38E-01;5.43E-11
0.25;2.75;0.231361;0.0104641;;;0.25;2.75;2.35E-01;2.14E-02
0.5;2.75;0.224588;0.0200695;;;0.5;2.75;2.25E-01;4.10E-02
0.75;2.75;0.214181;0.0281413;;;0.75;2.75;2.11E-01;5.74E-02
1;2.75;0.201214;0.0342998;;;1;2.75;1.93E-01;7.00E-02
1.25;2.75;0.186816;0.0384725;;;1.25;2.75;1.73E-01;7.85E-02
1.5;2.75;0.171978;0.0408268;;;1.5;2.75;1.53E-01;8.33E-02
1.75;2.75;0.157456;0.0416691;;;1.75;2.75;1.34E-01;8.51E-02
2;2.75;0.14375;0.0413527;;;2;2.75;1.16E-01;8.44E-02
2.25;2.75;0.131139;0.040213;;;2.25;2.75;1.01E-01;8.21E-02
2.5;2.75;0.119737;0.0385348;;;2.5;2.75;8.69E-02;7.87E-02
2.75;2.75;0.109544;0.0365406;;;2.75;2.75;7.50E-02;7.46E-02
3;2.75;0.100498;0.0343944;;;3;2.75;6.48E-02;7.02E-02
3.25;2.75;0.0924986;0.0322109;;;3.25;2.75;5.61E-02;6.58E-02
3.5;2.75;0.0854348;0.030066;;;3.5;2.75;4.87E-02;6.14E-02
3.75;2.75;0.0791948;0.0280075;;;3.75;2.75;4.24E-02;5.72E-02
4;2.75;0.0736738;0.0260625;;;4;2.75;3.70E-02;5.32E-02
4.25;2.75;0.0687771;0.0242447;;;4.25;2.75;3.25E-02;4.95E-02
4.5;2.75;0.0644211;0.0225582;;;4.5;2.75;2.86E-02;4.61E-02
4.75;2.75;0.0605331;0.0210014;;;4.75;2.75;2.53E-02;4.29E-02
5;2.75;0.0570504;0.0195691;;;5;2.75;2.24E-02;4.00E-02
-5;3;0.0577965;0.0201785;;;-5;3;2.51E-02;4.12E-02
-4.75;3;0.0612999;0.0215532;;;-4.75;3;2.82E-02;4.40E-02
-4.5;3;0.0651951;0.023029;;;-4.5;3;3.17E-02;4.70E-02
-4.25;3;0.0695375;0.0246051;;;-4.25;3;3.58E-02;5.03E-02
-4;3;0.0743899;0.0262758;;;-4;3;4.06E-02;5.37E-02
-3.75;3;0.079822;0.0280287;;;-3.75;3;4.61E-02;5.72E-02
-3.5;3;0.0859098;0.0298409;;;-3.5;3;5.26E-02;6.09E-02
-3.25;3;0.0927331;0.0316754;;;-3.25;3;6.00E-02;6.47E-02
-3;3;0.100371;0.0334759;;;-3;3;6.87E-02;6.84E-02
-2.75;3;0.108892;0.0351605;;;-2.75;3;7.86E-02;7.18E-02
-2.5;3;0.118345;0.0366153;;;-2.5;3;9.00E-02;7.48E-02
-2.25;3;0.128738;0.0376889;;;-2.25;3;1.03E-01;7.69E-02
-2;3;0.140012;0.0381893;;;-2;3;1.17E-01;7.80E-02
-1.75;3;0.152009;0.037888;;;-1.75;3;1.33E-01;7.73E-02
-1.5;3;0.164441;0.0365351;;;-1.5;3;1.49E-01;7.46E-02
-1.25;3;0.176858;0.0338902;;;-1.25;3;1.66E-01;6.92E-02
-1;3;0.188644;0.0297705;;;-1;3;1.82E-01;6.08E-02
-0.75;3;0.199046;0.024111;;;-0.75;3;1.97E-01;4.92E-02
-0.5;3;0.207254;0.0170217;;;-0.5;3;2.08E-01;3.47E-02
-0.25;3;0.212531;0.00881756;;;-0.25;3;2.16E-01;1.80E-02
0;3;0.214354;9.04501E-18;;;0;3;2.18E-01;4.57E-11
0.25;3;0.212531;0.00881756;;;0.25;3;2.16E-01;1.80E-02
0.5;3;0.207254;0.0170217;;;0.5;3;2.08E-01;3.47E-02
0.75;3;0.199046;0.024111;;;0.75;3;1.97E-01;4.92E-02
1;3;0.188644;0.0297705;;;1;3;1.82E-01;6.08E-02
1.25;3;0.176858;0.0338902;;;1.25;3;1.66E-01;6.92E-02
1.5;3;0.164441;0.0365351;;;1.5;3;1.49E-01;7.46E-02
1.75;3;0.152009;0.037888;;;1.75;3;1.33E-01;7.73E-02
2;3;0.140012;0.0381893;;;2;3;1.17E-01;7.80E-02
2.25;3;0.128738;0.0376889;;;2.25;3;1.03E-01;7.69E-02
2.5;3;0.118345;0.0366153;;;2.5;3;9.00E-02;7.48E-02
2.75;3;0.108892;0.0351605;;;2.75;3;7.86E-02;7.18E-02
3;3;0.100371;0.0334759;;;3;3;6.87E-02;6.84E-02
3.25;3;0.0927331;0.0316754;;;3.25;3;6.00E-02;6.47E-02
3.5;3;0.0859098;0.0298409;;;3.5;3;5.26E-02;6.09E-02
3.75;3;0.079822;0.0280287;;;3.75;3;4.61E-02;5.72E-02
4;3;0.0743899;0.0262758;;;4;3;4.06E-02;5.37E-02
4.25;3;0.0695375;0.0246051;;;4.25;3;3.58E-02;5.03E-02
4.5;3;0.0651951;0.023029;;;4.5;3;3.17E-02;4.70E-02
4.75;3;0.0612999;0.0215532;;;4.75;3;2.82E-02;4.40E-02
5;3;0.0577965;0.0201785;;;5;3;2.51E-02;4.12E-02
-5;3.25;0.0584527;0.0206078;;;-5;3.25;2.76E-02;4.21E-02
-4.75;3.25;0.0619538;0.0219075;;;-4.75;3.25;3.09E-02;4.47E-02
-4.5;3.25;0.0658285;0.0232846;;;-4.5;3.25;3.46E-02;4.76E-02
-4.25;3.25;0.0701247;0.0247332;;;-4.25;3.25;3.89E-02;5.05E-02
-4;3.25;0.0748947;0.0262421;;;-4;3.25;4.38E-02;5.36E-02
-3.75;3.25;0.0801947;0.0277923;;;-3.75;3.25;4.95E-02;5.68E-02
-3.5;3.25;0.0860831;0.0293547;;;-3.5;3.25;5.59E-02;5.99E-02
-3.25;3.25;0.0926168;0.0308867;;;-3.25;3.25;6.33E-02;6.31E-02
-3;3.25;0.0998467;0.0323282;;;-3;3.25;7.17E-02;6.60E-02
-2.75;3.25;0.107809;0.0335978;;;-2.75;3.25;8.13E-02;6.86E-02
-2.5;3.25;0.116514;0.0345889;;;-2.5;3.25;9.20E-02;7.06E-02
-2.25;3.25;0.125932;0.035168;;;-2.25;3.25;1.04E-01;7.18E-02
-2;3.25;0.135971;0.0351753;;;-2;3.25;1.17E-01;7.18E-02
-1.75;3.25;0.146457;0.0344326;;;-1.75;3.25;1.31E-01;7.03E-02
-1.5;3.25;0.157116;0.0327578;;;-1.5;3.25;1.45E-01;6.69E-02
-1.25;3.25;0.16756;0.0299911;;;-1.25;3.25;1.59E-01;6.12E-02
-1;3.25;0.177293;0.0260288;;;-1;3.25;1.73E-01;5.31E-02
-0.75;3.25;0.185743;0.0208624;;;-0.75;3.25;1.84E-01;4.26E-02
-0.5;3.25;0.192321;0.0146102;;;-0.5;3.25;1.94E-01;2.98E-02
-0.25;3.25;0.196509;0.00752986;;;-0.25;3.25;2.00E-01;1.54E-02
0;3.25;0.197948;1.38142E-17;;;0;3.25;2.02E-01;3.89E-11
0.25;3.25;0.196509;0.00752986;;;0.25;3.25;2.00E-01;1.54E-02
0.5;3.25;0.192321;0.0146102;;;0.5;3.25;1.94E-01;2.98E-02
0.75;3.25;0.185743;0.0208624;;;0.75;3.25;1.84E-01;4.26E-02
1;3.25;0.177293;0.0260288;;;1;3.25;1.73E-01;5.31E-02
1.25;3.25;0.16756;0.0299911;;;1.25;3.25;1.59E-01;6.12E-02
1.5;3.25;0.157116;0.0327578;;;1.5;3.25;1.45E-01;6.69E-02
1.75;3.25;0.146457;0.0344326;;;1.75;3.25;1.31E-01;7.03E-02
2;3.25;0.135971;0.0351753;;;2;3.25;1.17E-01;7.18E-02
2.25;3.25;0.125932;0.035168;;;2.25;3.25;1.04E-01;7.18E-02
2.5;3.25;0.116514;0.0345889;;;2.5;3.25;9.20E-02;7.06E-02
2.75;3.25;0.107809;0.0335978;;;2.75;3.25;8.13E-02;6.86E-02
3;3.25;0.0998467;0.0323282;;;3;3.25;7.17E-02;6.60E-02
3.25;3.25;0.0926168;0.0308867;;;3.25;3.25;6.33E-02;6.31E-02
3.5;3.25;0.0860831;0.0293547;;;3.5;3.25;5.59E-02;5.99E-02
3.75;3.25;0.0801947;0.0277923;;;3.75;3.25;4.95E-02;5.68E-02
4;3.25;0.0748947;0.0262421;;;4;3.25;4.38E-02;5.36E-02
4.25;3.25;0.0701247;0.0247332;;;4.25;3.25;3.89E-02;5.05E-02
4.5;3.25;0.0658285;0.0232846;;;4.5;3.25;3.46E-02;4.76E-02
4.75;3.25;0.0619538;0.0219075;;;4.75;3.25;3.09E-02;4.47E-02
5;3.25;0.0584527;0.0206078;;;5;3.25;2.76E-02;4.21E-02
-5;3.5;0.0590089;0.0208743;;;-5;3.5;3.01E-02;4.26E-02
-4.75;3.5;0.0624858;0.0220862;;;-4.75;3.5;3.35E-02;4.51E-02
-4.5;3.5;0.0663147;0.0233528;;;-4.5;3.5;3.73E-02;4.77E-02
-4.25;3.5;0.0705355;0.0246641;;;-4.25;3.5;4.17E-02;5.04E-02
-4;3.5;0.0751906;0.0260045;;;-4;3.5;4.67E-02;5.31E-02
-3.75;3.5;0.0803237;0.0273507;;;-3.75;3.5;5.23E-02;5.58E-02
-3.5;3.5;0.0859769;0.02867;;;-3.5;3.5;5.87E-02;5.85E-02
-3.25;3.5;0.092188;0.0299173;;;-3.25;3.5;6.60E-02;6.11E-02
-3;3.5;0.098985;0.0310328;;;-3;3.5;7.41E-02;6.34E-02
-2.75;3.5;0.106379;0.0319396;;;-2.75;3.5;8.32E-02;6.52E-02
-2.5;3.5;0.114353;0.0325418;;;-2.5;3.5;9.32E-02;6.64E-02
-2.25;3.5;0.122854;0.0327254;;;-2.25;3.5;1.04E-01;6.68E-02
-2;3.5;0.131774;0.0323611;;;-2;3.5;1.16E-01;6.61E-02
-1.75;3.5;0.140941;0.0313124;;;-1.75;3.5;1.28E-01;6.39E-02
-1.5;3.5;0.150105;0.0294493;;;-1.5;3.5;1.40E-01;6.01E-02
-1.25;3.5;0.158939;0.0266681;;;-1.25;3.5;1.52E-01;5.44E-02
-1;3.5;0.167047;0.0229152;;;-1;3.5;1.64E-01;4.68E-02
-0.75;3.5;0.173991;0.0182118;;;-0.75;3.5;1.73E-01;3.72E-02
-0.5;3.5;0.179337;0.0126715;;;-0.5;3.5;1.81E-01;2.59E-02
-0.25;3.5;0.182715;0.00650411;;;-0.25;3.5;1.86E-01;1.33E-02
0;3.5;0.183871;1.3545E-17;;;0;3.5;1.87E-01;3.35E-11
0.25;3.5;0.182715;0.00650411;;;0.25;3.5;1.86E-01;1.33E-02
0.5;3.5;0.179337;0.0126715;;;0.5;3.5;1.81E-01;2.59E-02
0.75;3.5;0.173991;0.0182118;;;0.75;3.5;1.73E-01;3.72E-02
1;3.5;0.167047;0.0229152;;;1;3.5;1.64E-01;4.68E-02
1.25;3.5;0.158939;0.0266681;;;1.25;3.5;1.52E-01;5.44E-02
1.5;3.5;0.150105;0.0294493;;;1.5;3.5;1.40E-01;6.01E-02
1.75;3.5;0.140941;0.0313124;;;1.75;3.5;1.28E-01;6.39E-02
2;3.5;0.131774;0.0323611;;;2;3.5;1.16E-01;6.61E-02
2.25;3.5;0.122854;0.0327254;;;2.25;3.5;1.04E-01;6.68E-02
2.5;3.5;0.114353;0.0325418;;;2.5;3.5;9.32E-02;6.64E-02
2.75;3.5;0.106379;0.0319396;;;2.75;3.5;8.32E-02;6.52E-02
3;3.5;0.098985;0.0310328;;;3;3.5;7.41E-02;6.34E-02
3.25;3.5;0.092188;0.0299173;;;3.25;3.5;6.60E-02;6.11E-02
3.5;3.5;0.0859769;0.02867;;;3.5;3.5;5.87E-02;5.85E-02
3.75;3.5;0.0803237;0.0273507;;;3.75;3.5;5.23E-02;5.58E-02
4;3.5;0.0751906;0.0260045;;;4;3.5;4.67E-02;5.31E-02
4.25;3.5;0.0705355;0.0246641;;;4.25;3.5;4.17E-02;5.04E-02
4.5;3.5;0.0663147;0.0233528;;;4.5;3.5;3.73E-02;4.77E-02
4.75;3.5;0.0624858;0.0220862;;;4.75;3.5;3.35E-02;4.51E-02
5;3.5;0.0590089;0.0208743;;;5;3.5;3.01E-02;4.26E-02
-5;3.75;0.0594589;0.020996;;;-5;3.75;3.23E-02;4.29E-02
-4.75;3.75;0.0628917;0.0221118;;;-4.75;3.75;3.58E-02;4.52E-02
-4.5;3.75;0.0666522;0.0232612;;;-4.5;3.75;3.98E-02;4.75E-02
-4.25;3.75;0.070773;0.024431;;;-4.25;3.75;4.42E-02;4.99E-02
-4;3.75;0.0752871;0.0256028;;;-4;3.75;4.92E-02;5.23E-02
-3.75;3.75;0.0802265;0.0267508;;;-3.75;3.75;5.48E-02;5.46E-02
-3.5;3.75;0.0856199;0.0278405;;;-3.5;3.75;6.11E-02;5.68E-02
-3.25;3.75;0.091489;0.0288271;;;-3.25;3.75;6.81E-02;5.89E-02
-3;3.75;0.0978439;0.0296536;;;-3;3.75;7.58E-02;6.05E-02
-2.75;3.75;0.104677;0.0302498;;;-2.75;3.75;8.43E-02;6.18E-02
-2.5;3.75;0.111955;0.0305322;;;-2.5;3.75;9.36E-02;6.23E-02
-2.25;3.75;0.119609;0.0304056;;;-2.25;3.75;1.04E-01;6.21E-02
-2;3.75;0.12753;0.0297673;;;-2;3.75;1.14E-01;6.08E-02
-1.75;3.75;0.135553;0.0285146;;;-1.75;3.75;1.25E-01;5.82E-02
-1.5;3.75;0.14346;0.0265562;;;-1.5;3.75;1.36E-01;5.42E-02
-1.25;3.75;0.150977;0.023827;;;-1.25;3.75;1.46E-01;4.86E-02
-1;3.75;0.157787;0.0203046;;;-1;3.75;1.55E-01;4.14E-02
-0.75;3.75;0.163555;0.0160248;;;-0.75;3.75;1.64E-01;3.27E-02
-0.5;3.75;0.167955;0.0110909;;;-0.5;3.75;1.70E-01;2.26E-02
-0.25;3.75;0.170718;0.00567397;;;-0.25;3.75;1.74E-01;1.16E-02
0;3.75;0.17166;1.76E-17;;;0;3.75;1.75E-01;2.92E-11
0.25;3.75;0.170718;0.00567397;;;0.25;3.75;1.74E-01;1.16E-02
0.5;3.75;0.167955;0.0110909;;;0.5;3.75;1.70E-01;2.26E-02
0.75;3.75;0.163555;0.0160248;;;0.75;3.75;1.64E-01;3.27E-02
1;3.75;0.157787;0.0203046;;;1;3.75;1.55E-01;4.14E-02
1.25;3.75;0.150977;0.023827;;;1.25;3.75;1.46E-01;4.86E-02
1.5;3.75;0.14346;0.0265562;;;1.5;3.75;1.36E-01;5.42E-02
1.75;3.75;0.135553;0.0285146;;;1.75;3.75;1.25E-01;5.82E-02
2;3.75;0.12753;0.0297673;;;2;3.75;1.14E-01;6.08E-02
2.25;3.75;0.119609;0.0304056;;;2.25;3.75;1.04E-01;6.21E-02
2.5;3.75;0.111955;0.0305322;;;2.5;3.75;9.36E-02;6.23E-02
2.75;3.75;0.104677;0.0302498;;;2.75;3.75;8.43E-02;6.18E-02
3;3.75;0.0978439;0.0296536;;;3;3.75;7.58E-02;6.05E-02
3.25;3.75;0.091489;0.0288271;;;3.25;3.75;6.81E-02;5.89E-02
3.5;3.75;0.0856199;0.0278405;;;3.5;3.75;6.11E-02;5.68E-02
3.75;3.75;0.0802265;0.0267508;;;3.75;3.75;5.48E-02;5.46E-02
4;3.75;0.0752871;0.0256028;;;4;3.75;4.92E-02;5.23E-02
4.25;3.75;0.070773;0.024431;;;4.25;3.75;4.42E-02;4.99E-02
4.5;3.75;0.0666522;0.0232612;;;4.5;3.75;3.98E-02;4.75E-02
4.75;3.75;0.0628917;0.0221118;;;4.75;3.75;3.58E-02;4.52E-02
5;3.75;0.0594589;0.020996;;;5;3.75;3.23E-02;4.29E-02
-5;4;0.0598005;0.0209912;;;-5;4;3.44E-02;4.29E-02
-4.75;4;0.0631715;0.0220063;;;-4.75;4;3.80E-02;4.49E-02
-4.5;4;0.0668445;0.0230359;;;-4.5;4;4.20E-02;4.70E-02
-4.25;4;0.0708451;0.0240648;;;-4.25;4;4.64E-02;4.91E-02
-4;4;0.0751979;0.0250728;;;-4;4;5.13E-02;5.12E-02
-3.75;4;0.079925;0.0260329;;;-3.75;4;5.68E-02;5.32E-02
-3.5;4;0.0850436;0.026911;;;-3.5;4;6.29E-02;5.49E-02
-3.25;4;0.0905626;0.0276638;;;-3.25;4;6.96E-02;5.65E-02
-3;4;0.0964788;0.0282389;;;-3;4;7.70E-02;5.76E-02
-2.75;4;0.102772;0.0285739;;;-2.75;4;8.49E-02;5.83E-02
-2.5;4;0.109397;0.0285976;;;-2.5;4;9.35E-02;5.84E-02
-2.25;4;0.116282;0.028232;;;-2.25;4;1.03E-01;5.76E-02
-2;4;0.123318;0.0273967;;;-2;4;1.12E-01;5.59E-02
-1.75;4;0.130354;0.0260155;;;-1.75;4;1.21E-01;5.31E-02
-1.5;4;0.137203;0.0240255;;;-1.5;4;1.31E-01;4.90E-02
-1.25;4;0.143637;0.0213879;;;-1.25;4;1.40E-01;4.36E-02
-1;4;0.149403;0.0180994;;;-1;4;1.48E-01;3.69E-02
-0.75;4;0.154239;0.0142016;;;-0.75;4;1.55E-01;2.90E-02
-0.5;4;0.157902;0.00978608;;;-0.5;4;1.60E-01;2.00E-02
-0.25;4;0.16019;0.00499282;;;-0.25;4;1.63E-01;1.02E-02
0;4;0.160967;1.59446E-17;;;0;4;1.64E-01;2.57E-11
0.25;4;0.16019;0.00499282;;;0.25;4;1.63E-01;1.02E-02
0.5;4;0.157902;0.00978608;;;0.5;4;1.60E-01;2.00E-02
0.75;4;0.154239;0.0142016;;;0.75;4;1.55E-01;2.90E-02
1;4;0.149403;0.0180994;;;1;4;1.48E-01;3.69E-02
1.25;4;0.143637;0.0213879;;;1.25;4;1.40E-01;4.36E-02
1.5;4;0.137203;0.0240255;;;1.5;4;1.31E-01;4.90E-02
1.75;4;0.130354;0.0260155;;;1.75;4;1.21E-01;5.31E-02
2;4;0.123318;0.0273967;;;2;4;1.12E-01;5.59E-02
2.25;4;0.116282;0.028232;;;2.25;4;1.03E-01;5.76E-02
2.5;4;0.109397;0.0285976;;;2.5;4;9.35E-02;5.84E-02
2.75;4;0.102772;0.0285739;;;2.75;4;8.49E-02;5.83E-02
3;4;0.0964788;0.0282389;;;3;4;7.70E-02;5.76E-02
3.25;4;0.0905626;0.0276638;;;3.25;4;6.96E-02;5.65E-02
3.5;4;0.0850436;0.026911;;;3.5;4;6.29E-02;5.49E-02
3.75;4;0.079925;0.0260329;;;3.75;4;5.68E-02;5.32E-02
4;4;0.0751979;0.0250728;;;4;4;5.13E-02;5.12E-02
4.25;4;0.0708451;0.0240648;;;4.25;4;4.64E-02;4.91E-02
4.5;4;0.0668445;0.0230359;;;4.5;4;4.20E-02;4.70E-02
4.75;4;0.0631715;0.0220063;;;4.75;4;3.80E-02;4.49E-02
5;4;0.0598005;0.0209912;;;5;4;3.44E-02;4.29E-02
-5;4.25;0.0600342;0.0208777;;;-5;4.25;3.64E-02;4.26E-02
-4.75;4.25;0.0633285;0.0217905;;;-4.75;4.25;3.99E-02;4.45E-02
-4.5;4.25;0.0668984;0.0227011;;;-4.5;4.25;4.39E-02;4.64E-02
-4.25;4.25;0.0707632;0.0235931;;;-4.25;4.25;4.83E-02;4.82E-02
-4;4.25;0.0749402;0.0244455;;;-4;4.25;5.31E-02;4.99E-02
-3.75;4.25;0.0794432;0.0252314;;;-3.75;4.25;5.85E-02;5.15E-02
-3.5;4.25;0.0842799;0.0259178;;;-3.5;4.25;6.44E-02;5.29E-02
-3.25;4.25;0.0894496;0.0264645;;;-3.25;4.25;7.07E-02;5.40E-02
-3;4.25;0.0949396;0.0268243;;;-3;4.25;7.77E-02;5.48E-02
-2.75;4.25;0.100721;0.0269428;;;-2.75;4.25;8.51E-02;5.50E-02
-2.5;4.25;0.106744;0.0267604;;;-2.5;4.25;9.29E-02;5.46E-02
-2.25;4.25;0.112934;0.026214;;;-2.25;4.25;1.01E-01;5.35E-02
-2;4.25;0.11919;0.0252414;;;-2;4.25;1.10E-01;5.15E-02
-1.75;4.25;0.125378;0.023787;;;-1.75;4.25;1.18E-01;4.85E-02
-1.5;4.25;0.131334;0.0218084;;;-1.5;4.25;1.26E-01;4.45E-02
-1.25;4.25;0.136873;0.0192844;;;-1.25;4.25;1.34E-01;3.94E-02
-1;4.25;0.141791;0.0162231;;;-1;4.25;1.41E-01;3.31E-02
-0.75;4.25;0.145884;0.0126673;;;-0.75;4.25;1.46E-01;2.58E-02
-0.5;4.25;0.148963;0.00869694;;;-0.5;4.25;1.51E-01;1.77E-02
-0.25;4.25;0.150878;0.00442709;;;-0.25;4.25;1.54E-01;9.03E-03
0;4.25;0.151527;3.07839E-17;;;0;4.25;1.55E-01;2.28E-11
0.25;4.25;0.150878;0.00442709;;;0.25;4.25;1.54E-01;9.03E-03
0.5;4.25;0.148963;0.00869694;;;0.5;4.25;1.51E-01;1.77E-02
0.75;4.25;0.145884;0.0126673;;;0.75;4.25;1.46E-01;2.58E-02
1;4.25;0.141791;0.0162231;;;1;4.25;1.41E-01;3.31E-02
1.25;4.25;0.136873;0.0192844;;;1.25;4.25;1.34E-01;3.94E-02
1.5;4.25;0.131334;0.0218084;;;1.5;4.25;1.26E-01;4.45E-02
1.75;4.25;0.125378;0.023787;;;1.75;4.25;1.18E-01;4.85E-02
2;4.25;0.11919;0.0252414;;;2;4.25;1.10E-01;5.15E-02
2.25;4.25;0.112934;0.026214;;;2.25;4.25;1.01E-01;5.35E-02
2.5;4.25;0.106744;0.0267604;;;2.5;4.25;9.29E-02;5.46E-02
2.75;4.25;0.100721;0.0269428;;;2.75;4.25;8.51E-02;5.50E-02
3;4.25;0.0949396;0.0268243;;;3;4.25;7.77E-02;5.48E-02
3.25;4.25;0.0894496;0.0264645;;;3.25;4.25;7.07E-02;5.40E-02
3.5;4.25;0.0842799;0.0259178;;;3.5;4.25;6.44E-02;5.29E-02
3.75;4.25;0.0794432;0.0252314;;;3.75;4.25;5.85E-02;5.15E-02
4;4.25;0.0749402;0.0244455;;;4;4.25;5.31E-02;4.99E-02
4.25;4.25;0.0707632;0.0235931;;;4.25;4.25;4.83E-02;4.82E-02
4.5;4.25;0.0668984;0.0227011;;;4.5;4.25;4.39E-02;4.64E-02
4.75;4.25;0.0633285;0.0217905;;;4.75;4.25;3.99E-02;4.45E-02
5;4.25;0.0600342;0.0208777;;;5;4.25;3.64E-02;4.26E-02
-5;4.5;0.0601632;0.0206721;;;-5;4.5;3.81E-02;4.22E-02
-4.75;4.5;0.0633683;0.0214836;;;-4.75;4.5;4.17E-02;4.39E-02
-4.5;4.5;0.0668228;0.0222786;;;-4.5;4.5;4.56E-02;4.55E-02
-4.25;4.5;0.0705405;0.0230403;;;-4.25;4.5;4.99E-02;4.70E-02
-4;4.5;0.0745323;0.0237476;;;-4;4.5;5.46E-02;4.85E-02
-3.75;4.5;0.0788052;0.0243745;;;-3.75;4.5;5.98E-02;4.98E-02
-3.5;4.5;0.0833597;0.0248899;;;-3.5;4.5;6.54E-02;5.08E-02
-3.25;4.5;0.0881877;0.0252574;;;-3.25;4.5;7.15E-02;5.16E-02
-3;4.5;0.0932699;0.0254351;;;-3;4.5;7.80E-02;5.19E-02
-2.75;4.5;0.0985725;0.0253765;;;-2.75;4.5;8.48E-02;5.18E-02
-2.5;4.5;0.104044;0.0250322;;;-2.5;4.5;9.20E-02;5.11E-02
-2.25;4.5;0.109612;0.0243519;;;-2.25;4.5;9.95E-02;4.97E-02
-2;4.5;0.115183;0.0232879;;;-2;4.5;1.07E-01;4.75E-02
-1.75;4.5;0.12064;0.0218003;;;-1.75;4.5;1.14E-01;4.45E-02
-1.5;4.5;0.125843;0.0198612;;;-1.5;4.5;1.22E-01;4.05E-02
-1.25;4.5;0.130638;0.0174616;;;-1.25;4.5;1.28E-01;3.56E-02
-1;4.5;0.134862;0.0146158;;;-1;4.5;1.34E-01;2.98E-02
-0.75;4.5;0.138353;0.011365;;;-0.75;4.5;1.39E-01;2.32E-02
-0.5;4.5;0.140966;0.00777876;;;-0.5;4.5;1.43E-01;1.59E-02
-0.25;4.5;0.142584;0.00395215;;;-0.25;4.5;1.45E-01;8.06E-03
0;4.5;0.143132;7.75887E-18;;;0;4.5;1.46E-01;2.03E-11
0.25;4.5;0.142584;0.00395215;;;0.25;4.5;1.45E-01;8.06E-03
0.5;4.5;0.140966;0.00777876;;;0.5;4.5;1.43E-01;1.59E-02
0.75;4.5;0.138353;0.011365;;;0.75;4.5;1.39E-01;2.32E-02
1;4.5;0.134862;0.0146158;;;1;4.5;1.34E-01;2.98E-02
1.25;4.5;0.130638;0.0174616;;;1.25;4.5;1.28E-01;3.56E-02
1.5;4.5;0.125843;0.0198612;;;1.5;4.5;1.22E-01;4.05E-02
1.75;4.5;0.12064;0.0218003;;;1.75;4.5;1.14E-01;4.45E-02
2;4.5;0.115183;0.0232879;;;2;4.5;1.07E-01;4.75E-02
2.25;4.5;0.109612;0.0243519;;;2.25;4.5;9.95E-02;4.97E-02
2.5;4.5;0.104044;0.0250322;;;2.5;4.5;9.20E-02;5.11E-02
2.75;4.5;0.0985725;0.0253765;;;2.75;4.5;8.48E-02;5.18E-02
3;4.5;0.0932699;0.0254351;;;3;4.5;7.80E-02;5.19E-02
3.25;4.5;0.0881877;0.0252574;;;3.25;4.5;7.15E-02;5.16E-02
3.5;4.5;0.0833597;0.0248899;;;3.5;4.5;6.54E-02;5.08E-02
3.75;4.5;0.0788052;0.0243745;;;3.75;4.5;5.98E-02;4.98E-02
4;4.5;0.0745323;0.0237476;;;4;4.5;5.46E-02;4.85E-02
4.25;4.5;0.0705405;0.0230403;;;4.25;4.5;4.99E-02;4.70E-02
4.5;4.5;0.0668228;0.0222786;;;4.5;4.5;4.56E-02;4.55E-02
4.75;4.5;0.0633683;0.0214836;;;4.75;4.5;4.17E-02;4.39E-02
5;4.5;0.0601632;0.0206721;;;5;4.5;3.81E-02;4.22E-02
-5;4.75;0.0601922;0.02039;;;-5;4.75;3.96E-02;4.16E-02
-4.75;4.75;0.0632985;0.021103;;;-4.75;4.75;4.32E-02;4.31E-02
-4.5;4.75;0.0666286;0.0217878;;;-4.5;4.75;4.70E-02;4.45E-02
-4.25;4.75;0.0701915;0.0224274;;;-4.25;4.75;5.13E-02;4.58E-02
-4;4.75;0.0739932;0.0230012;;;-4;4.75;5.58E-02;4.70E-02
-3.75;4.75;0.0780348;0.0234849;;;-3.75;4.75;6.08E-02;4.79E-02
-3.5;4.75;0.0823115;0.0238499;;;-3.5;4.75;6.61E-02;4.87E-02
-3.25;4.75;0.0868101;0.0240633;;;-3.25;4.75;7.19E-02;4.91E-02
-3;4.75;0.091507;0.0240888;;;-3;4.75;7.79E-02;4.92E-02
-2.75;4.75;0.096366;0.0238871;;;-2.75;4.75;8.43E-02;4.88E-02
-2.5;4.75;0.101336;0.0234176;;;-2.5;4.75;9.09E-02;4.78E-02
-2.25;4.75;0.106349;0.0226406;;;-2.25;4.75;9.76E-02;4.62E-02
-2;4.75;0.11132;0.0215202;;;-2;4.75;1.04E-01;4.39E-02
-1.75;4.75;0.116146;0.0200278;;;-1.75;4.75;1.11E-01;4.09E-02
-1.5;4.75;0.12071;0.0181464;;;-1.5;4.75;1.17E-01;3.70E-02
-1.25;4.75;0.124884;0.0158746;;;-1.25;4.75;1.23E-01;3.24E-02
-1;4.75;0.128535;0.0132298;;;-1;4.75;1.28E-01;2.70E-02
-0.75;4.75;0.131535;0.0102509;;;-0.75;4.75;1.33E-01;2.09E-02
-0.5;4.75;0.133771;0.00699778;;;-0.5;4.75;1.36E-01;1.43E-02
-0.25;4.75;0.135151;0.0035496;;;-0.25;4.75;1.38E-01;7.24E-03
0;4.75;0.135617;2.53621E-17;;;0;4.75;1.38E-01;1.82E-11
0.25;4.75;0.135151;0.0035496;;;0.25;4.75;1.38E-01;7.24E-03
0.5;4.75;0.133771;0.00699778;;;0.5;4.75;1.36E-01;1.43E-02
0.75;4.75;0.131535;0.0102509;;;0.75;4.75;1.33E-01;2.09E-02
1;4.75;0.128535;0.0132298;;;1;4.75;1.28E-01;2.70E-02
1.25;4.75;0.124884;0.0158746;;;1.25;4.75;1.23E-01;3.24E-02
1.5;4.75;0.12071;0.0181464;;;1.5;4.75;1.17E-01;3.70E-02
1.75;4.75;0.116146;0.0200278;;;1.75;4.75;1.11E-01;4.09E-02
2;4.75;0.11132;0.0215202;;;2;4.75;1.04E-01;4.39E-02
2.25;4.75;0.106349;0.0226406;;;2.25;4.75;9.76E-02;4.62E-02
2.5;4.75;0.101336;0.0234176;;;2.5;4.75;9.09E-02;4.78E-02
2.75;4.75;0.096366;0.0238871;;;2.75;4.75;8.43E-02;4.88E-02
3;4.75;0.091507;0.0240888;;;3;4.75;7.79E-02;4.92E-02
3.25;4.75;0.0868101;0.0240633;;;3.25;4.75;7.19E-02;4.91E-02
3.5;4.75;0.0823115;0.0238499;;;3.5;4.75;6.61E-02;4.87E-02
3.75;4.75;0.0780348;0.0234849;;;3.75;4.75;6.08E-02;4.79E-02
4;4.75;0.0739932;0.0230012;;;4;4.75;5.58E-02;4.70E-02
4.25;4.75;0.0701915;0.0224274;;;4.25;4.75;5.13E-02;4.58E-02
4.5;4.75;0.0666286;0.0217878;;;4.5;4.75;4.70E-02;4.45E-02
4.75;4.75;0.0632985;0.021103;;;4.75;4.75;4.32E-02;4.31E-02
5;4.75;0.0601922;0.02039;;;5;4.75;3.96E-02;4.16E-02
-5;5;0.0601275;0.0200454;;;-5;5;4.10E-02;4.09E-02
-4.75;5;0.0631277;0.0206643;;;-4.75;5;4.45E-02;4.22E-02
-4.5;5;0.0663272;0.0212453;;;-4.5;5;4.83E-02;4.34E-02
-4.25;5;0.0697311;0.021772;;;-4.25;5;5.24E-02;4.45E-02
-4;5;0.0733412;0.0222247;;;-4;5;5.68E-02;4.54E-02
-3.75;5;0.0771542;0.022581;;;-3.75;5;6.15E-02;4.61E-02
-3.5;5;0.0811614;0.0228147;;;-3.5;5;6.66E-02;4.66E-02
-3.25;5;0.0853459;0.0228971;;;-3.25;5;7.20E-02;4.67E-02
-3;5;0.089682;0.0227967;;;-3;5;7.76E-02;4.65E-02
-2.75;5;0.0941328;0.0224808;;;-2.75;5;8.35E-02;4.59E-02
-2.5;5;0.0986489;0.0219163;;;-2.5;5;8.95E-02;4.47E-02
-2.25;5;0.103168;0.0210721;;;-2.25;5;9.56E-02;4.30E-02
-2;5;0.107613;0.0199213;;;-2;5;1.02E-01;4.07E-02
-1.75;5;0.111895;0.0184442;;;-1.75;5;1.08E-01;3.76E-02
-1.5;5;0.115916;0.0166314;;;-1.5;5;1.13E-01;3.39E-02
-1.25;5;0.119567;0.0144862;;;-1.25;5;1.18E-01;2.96E-02
-1;5;0.122743;0.0120275;;;-1;5;1.23E-01;2.45E-02
-0.75;5;0.125338;0.0092909;;;-0.75;5;1.26E-01;1.90E-02
-0.5;5;0.127265;0.00632812;;;-0.5;5;1.29E-01;1.29E-02
-0.25;5;0.128451;0.00320547;;;-0.25;5;1.31E-01;6.54E-03
0;5;0.128851;1.6824E-17;;;0;5;1.31E-01;1.64E-11
0.25;5;0.128451;0.00320547;;;0.25;5;1.31E-01;6.54E-03
0.5;5;0.127265;0.00632812;;;0.5;5;1.29E-01;1.29E-02
0.75;5;0.125338;0.0092909;;;0.75;5;1.26E-01;1.90E-02
1;5;0.122743;0.0120275;;;1;5;1.23E-01;2.45E-02
1.25;5;0.119567;0.0144862;;;1.25;5;1.18E-01;2.96E-02
1.5;5;0.115916;0.0166314;;;1.5;5;1.13E-01;3.39E-02
1.75;5;0.111895;0.0184442;;;1.75;5;1.08E-01;3.76E-02
2;5;0.107613;0.0199213;;;2;5;1.02E-01;4.07E-02
2.25;5;0.103168;0.0210721;;;2.25;5;9.56E-02;4.30E-02
2.5;5;0.0986489;0.0219163;;;2.5;5;8.95E-02;4.47E-02
2.75;5;0.0941328;0.0224808;;;2.75;5;8.35E-02;4.59E-02
3;5;0.089682;0.0227967;;;3;5;7.76E-02;4.65E-02
3.25;5;0.0853459;0.0228971;;;3.25;5;7.20E-02;4.67E-02
3.5;5;0.0811614;0.0228147;;;3.5;5;6.66E-02;4.66E-02
3.75;5;0.0771542;0.022581;;;3.75;5;6.15E-02;4.61E-02
4;5;0.0733412;0.0222247;;;4;5;5.68E-02;4.54E-02
4.25;5;0.0697311;0.021772;;;4.25;5;5.24E-02;4.45E-02
4.5;5;0.0663272;0.0212453;;;4.5;5;4.83E-02;4.34E-02
4.75;5;0.0631277;0.0206643;;;4.75;5;4.45E-02;4.22E-02
5;5;0.0601275;0.0200454;;;5;5;4.10E-02;4.09E-02
